def_pos,att_pos,def_item,hitangle
18510,31810,320,4
6197,13540,64,3
18526,44295,64,2
46103,22989,65,1
11387,13839,65,0
41068,58038,65,1
7168,31561,127,2
34936,16369,320,3
26799,10245,127,3
18569,13503,127,4
21744,38221,64,3
10472,50595,64,2
22781,17934,127,1
31946,1761,127,0
23778,13153,32,1
32996,46017,79,2
55667,12309,127,2
1331,41090,32,3
56584,259,127,4
48415,27072,79,3
37159,17964,65,2
59742,37559,79,1
9570,64379,127,0
60787,45979,65,1
56738,52265,64,1
54747,56509,65,2
10687,24850,79,3
63979,23959,64,4
9713,7731,65,3
40358,30420,65,2
7595,6011,320,1
60918,20394,320,0
2609,2084,79,0
22020,52453,320,1
20033,25874,320,2
64054,31215,320,3
34381,59002,320,4
23132,15048,64,3
52748,55072,32,2
22066,35762,32,1
62119,53331,64,1
23213,169,127,0
62168,10554,127,1
29415,11748,65,2
12011,28283,65,3
22195,9929,64,4
30453,4942,32,3
43735,38823,79,2
29515,21530,127,2
37681,43163,32,1
45916,33102,65,0
59227,43394,32,1
47993,39446,79,2
21305,33424,64,3
55138,63233,64,4
47904,3038,79,3
15337,46129,127,3
51197,27814,32,2
14249,50545,127,1
36819,44443,65,0
20467,33318,320,1
48040,53988,127,2
35783,49928,32,3
54233,48060,64,4
1293,24755,64,3
51679,16694,320,3
63995,43476,79,4
21359,17190,79,4
64745,10105,127,1
48097,52205,32,4
6627,51413,64,2
12296,2593,64,0
2512,10170,32,0
15588,40066,64,4
44809,23226,64,3
28427,11327,320,2
60767,62613,320,3
57610,40313,32,4
36427,1694,65,3
57131,41201,32,1
39825,42683,32,2
49272,4230,127,3
17677,18860,32,3
17796,41858,127,0
14379,43631,64,0
5225,56063,64,1
33542,47924,320,4
43108,47377,320,2
53121,12601,32,1
53492,52540,65,3
6770,63869,79,2
64646,52597,127,3
33357,23750,127,1
59005,55779,64,3
41292,49113,32,1
63812,49243,32,2
12549,44099,79,2
8134,55932,65,1
34906,55075,79,2
16409,36416,64,0
7658,65245,127,2
24899,43229,127,3
26672,60731,127,2
45329,64124,79,2
13444,31292,32,1
43404,38290,127,4
18461,10938,65,1
25808,38739,32,1
7714,61119,65,3
6999,43375,127,0
10890,24217,65,4
22479,30517,65,3
22077,45919,64,2
41084,16988,65,0
22812,18076,127,1
37216,18710,64,4
58416,5545,79,1
10509,23606,79,2
53959,30171,64,2
13196,23565,320,3
56687,22201,127,1
48117,41233,79,1
16130,10509,320,0
50021,2627,127,2
27458,8541,79,0
4821,26225,320,3
21507,2478,32,1
53134,64440,64,4
10309,18849,127,1
45897,40986,127,2
35274,9250,65,1
53389,14228,79,2
9040,41338,79,0
56541,53280,64,3
12915,51927,320,3
36571,51425,320,0
52193,36026,79,2
14211,52070,79,3
52529,10721,64,3
53743,48255,32,1
12385,51739,127,0
56817,57432,65,1
8580,60684,79,3
24999,61391,320,0
16587,8160,64,2
34605,44816,320,4
50684,47475,320,3
19736,17154,32,0
31786,3752,79,1
48670,60712,65,2
45425,63122,65,1
61931,20660,79,2
41702,8263,127,1
35088,6010,65,0
17898,39113,32,2
39740,937,32,3
9648,48611,320,4
38507,33183,320,3
29120,8509,127,3
63663,61153,32,0
51689,4257,79,2
20695,59993,64,1
46950,62272,65,4
5146,8841,127,1
4885,9952,127,3
34394,4739,320,3
44393,35751,32,1
16552,4075,320,2
9779,31249,320,4
7469,25947,79,4
6499,22144,64,1
40182,33852,64,3
31021,30815,65,2
30103,20573,320,1
28037,5075,320,0
25840,25891,127,3
38179,55394,127,2
19337,39542,79,1
6739,10046,127,2
9906,26635,32,1
19375,12837,127,1
7197,27029,64,1
60697,34864,32,2
26219,46552,32,3
36552,55302,64,1
22855,56148,127,0
49744,34530,64,3
35300,59090,320,2
35496,53927,32,4
27809,19350,320,2
22143,38446,320,4
37349,39368,64,4
14614,56949,64,2
59489,33070,127,2
14912,12355,320,0
47748,56664,320,1
10653,26719,320,1
39632,35830,64,2
46862,18765,64,0
55455,7920,65,0
