# name	address	name source
# address: DS:offset for near data, segment:offset for far code (load-relative paragraphs)
_area_spell_state	DS:1B0A	FM Towns
_background_color	DS:21C4	FM Towns
_cFillFB	00B8:0C84	FM Towns
_change_music_maybe	0088:2BB2	FM Towns
_change_screen	0380:0061	FM Towns
_clear_all_loretries	0370:0039	FM Towns
_clear_fight_state	00D0:130F	FM Towns
_copy_visible_to_hidden	0018:4B57	FM Towns
_CreateObj	0130:0044	FM Towns
_cur_font	DS:21CC	provisional
_CursorObjPtr	DS:6B0C	FM Towns
_damage_item	00D8:0527	FM Towns
_DegradeLights	0438:0020	FM Towns
_delete_trap	0530:0093	FM Towns
_display_screen	04B0:0020	FM Towns
_do_teleport	0370:00BB	FM Towns
_DoClosingDoors	0530:0070	FM Towns
_DoWanderingMonsters	0530:009D	FM Towns
_editchng	0068:00AE	FM Towns
_fadein3d	03B0:0043	FM Towns
_fadeout3d	03B0:0052	FM Towns
_FindObj	03E0:0052	FM Towns
_finish_player	0128:05EB	FM Towns
_FixPlayerEquips	0470:002F	FM Towns
_foreground_color	DS:21C8	FM Towns
_game_sprint	0148:04A4	FM Towns
_GameInputMode	DS:2506	FM Towns
_get_hp_back	04E0:00C0	FM Towns
_get_name	0148:0327	FM Towns
_get_string	0148:008E	FM Towns
_grfx_clear	03B0:007A	FM Towns
_grSoftPageFlip	0018:46E6	FM Towns
_hostile_creatures_near	0358:008E	FM Towns
_inplist	DS:00E4	FM Towns
_itoa	0030:1D1B	FM Towns
_kill_all_effects	0088:20C1	FM Towns
_Killorn_just_crashed	0370:00B1	FM Towns
_LeftPanel	DS:0384	FM Towns
_load_digi_fx	0088:0260	FM Towns
_load_new_music	0088:174B	FM Towns
_ltoa	0030:1D5C	FM Towns
_Map_GetAddr	0130:000F	FM Towns
_MapObj_X	DS:24F8	FM Towns
_MapObj_Y	DS:24FA	FM Towns
_mdetect	04E8:0039	FM Towns
_memset	0030:1DCA	FM Towns
_motionbits	DS:00D2	FM Towns
_mouse_get_input	0080:0594	FM Towns
_mouse_hide	0080:00D6	FM Towns
_move_along	0158:004E	FM Towns
_near_mob_put_at	00F0:1300	FM Towns
_new_player_pos	0380:002F	FM Towns
_NewPlayerX	DS:5E06	FM Towns
_NewPlayerY	DS:5E08	FM Towns
_NewPlyFade	DS:12BA	FM Towns
_NightCleanCritPages	03A8:002A	FM Towns
_npp_func	DS:12C2	FM Towns
_obj_deal	0100:10BC	FM Towns
_Obj_FindInMap	00F8:0CD4	FM Towns
_Obj_GarbageCollect	00F8:0354	FM Towns
_Obj_InList	00F8:0B6B	FM Towns
_Obj_IntTMem	00F8:0971	FM Towns
_Obj_PtrTMem	00F8:08BE	FM Towns
_panel_check	04F0:0048	FM Towns
_pass_time	0370:010B	FM Towns
_PITTimerGlobal	DS:2158	provisional
_player	DS:828A	FM Towns
_player_get_exp	0140:0045	FM Towns
_player_name_handle	DS:8288	FM Towns
_player_setup	0048:0AD8	FM Towns
_playerdat	DS:828C	FM Towns
_PlayerHeading	DS:8296	FM Towns
_PlayerLevel	DS:8292	FM Towns
_PN	DS:25DC	FM Towns
_punt_all_digi_fx	0088:0284	FM Towns
_put_at	00F0:1245	FM Towns
_put_player_in_jail	0370:0093	FM Towns
_rand	0030:0DE7	FM Towns
_real_death	0380:007A	FM Towns
_render_FB	0110:02FD	FM Towns
_restore_hp	04E0:00B1	FM Towns
_restore_mana	04E0:00CF	FM Towns
_scroll_clear	0458:0025	FM Towns
_scroll_print	0168:01A0	FM Towns
_send_FB	0138:16AA	FM Towns
_set_font_size	03B0:004D	FM Towns
_set_new_music	0088:2B0C	FM Towns
_set_random_walking_music	0088:2B1E	FM Towns
_SetOffTrap	0530:0084	FM Towns
_show_cutscene	0360:00F2	FM Towns
_skill_check	0140:0009	FM Towns
_str_cat	0148:090B	provisional
_str_copy	0098:013F	provisional
_strcpy	0030:2891	FM Towns
_string_to_screen	0018:446D	FM Towns
_string_width	0018:454B	FM Towns
_strlen	0030:28B5	FM Towns
_strt_demscr	0380:0052	FM Towns
_ThePlayer	DS:828E	FM Towns
_trap_teleport_data	DS:1BB6	FM Towns
_unforce_mouse_cursor	0080:06AF	FM Towns
_update_all_critters_whilst_playe	0358:002A	FM Towns
_UseTrigger	0530:0039	FM Towns
_wandering_monster_check	0358:0061	FM Towns
F_LDIV@	0030:3525	library
F_LUDIV@	0030:352C	library
F_LXMUL@	0030:350B	library
F_LXURSH@	0030:3614	library
F_SCOPY@	0030:36BD	library
