AddAnimationOverlay_seg044_368F_43E	add_animobj
AddToFreeObjectLists_seg029_2A8E_508	Obj_Free
AppendString_seg039_3452_90B	str_cat
CombineStrings_seg005_27F3	strcat
DamageObject_seg025_527	damage_item
DataCopy_seg005_105F_36BD	F_SCOPY@
DiceRoll_seg041_35D7_11F	rollem
GetCoordinateInDirection_seg041_35D7_4E	move_along
GetItemEnchantment_seg040_34E7_C69	decode_obj_spell
GetLinkedOrNextObjectWithFilter_seg029_2A8E_B6B	Obj_InList
GetNextOrLinkedObject_seg029_2A8E_8BE	Obj_PtrTMem
GetObjectDebris_seg025_26A1_444	debris_type
GetStringByID_seg039_3452_8E	get_string
GetTile_seg036_32A9_F	Map_GetAddr
Hex2DecimalString_seg005_105F_1D1B	itoa
InitMobileObject_seg030_2BB7_C27	mob_init
InsertObjectToList_seg029_2A8E_58C	Obj_Add
MagicObjectUpdateCharge_seg040_34E7_E11	useNSpellCharges
MoveObjectToCoordinates_seg028_2941_1245	put_at
PlacedObjectCollision_seg030_2BB7_10BC	obj_deal
PlaySoundEffectAtAvatar_seg016_1E73_1DB2	play_effect_here
PlaySoundEffectAtObject_seg016_1E73_1E7E	play_effect_on_mobile
PrepareNewObject_seg036_32A9_44	CreateObj
PrintStringFromBlock1_seg039_3452_4A4	game_sprint
RNG_seg005_105F_DE7	rand
RedrawPanel_seg037_32C0_12F0	pretty_panelagain
ReinitialisePlayerOnLevelOrPositionChange_seg008_1B09_AD8	player_setup
ReverseObjectLookup_seg029_2A8E_927	Obj_MemTPtr
ScaleDamageAgainstObject_seg025_26A1_493	check_res
SetArrayValues_seg005_105F_1DCA	memset
SetGameLoopBitField_seg012_1D31_AE	editchng
SetScreenShake_seg035_31AB_CA3	set_effect
SkillCheck_seg038_342C_9	skill_check
SpawnClass7_ObjectAtTarget_seg044_368F_B8D	put_effect
SpawnMultipleAnimoObjectCopies_seg044_8EA	fireball_effect
SpecialEffects_stub110_25	do_sfx
SplitObjectNames_seg039_3452_3ED	fix_name_string
TestIfObjectFitsInTile_seg028_2941_1021	can_place
TestIfStaticOrMobile_seg029_2A8E_A87	IsMobElem
UnlinkObjectFromLinkedList_seg029_2A8E_684	Obj_Rem
WriteTextToMessageScroll_seg043_3619_1A0	scroll_print
j_ChangeHealth_ovr156_485	get_hp_back
j_ChangeReferenceToCameraObject_ovr143_C4D	attach_eye
j_ClearObjectList_ovr122_50E	FreePlayerInv
j_ClearRuneBag_ovr123_64	clear_runes
j_ClearSelectedRunes_ovr123_136	clear_shelf
j_CreateObjectInTile_ovr156_63C	build_new_obj
j_EquipmentDamage_ovr124_C26	DamageInventory
j_FindObjectInInventorySlot_ovr124_14A	FindSlot
j_GetDetectedCreatureDirections_ovr167_191	print_path_to
j_InitCritter_ovr104_5E	creature_obj_init
j_ObjectDescription_ovr126_E9B	GetObjDesc
j_PlayerStatusEffectSpells_ovr135_6C8	set_curmagic
j_RefreshPlayerStatus_ovr142_732	FixPlayerEquips
j_ResetMap_ovr112_2C6	clearobj
j_RunCodeOnTargetsAroundObject_ovr156_13AF	gronk_area
j_RunTrigger_ovr166_3B	UseTrigger
j_SetCameraViewAtObject_ovr143_A82	home_cam
j_ShroomsCameraEffects_ovr142_27F	set_drugged
j_SpellDamagesObjectsInTile_ovr156_1CA5	damage_square
j_Teleport_ovr110_9C2	do_teleport
j_TurnVectorsIntoHeading_ovr167_7C	mpos
stub125_34	DisplayInventory
