# segment	ida_name	offset	size	original_name	how	calls_agree	calls_checkable
seg000	seg000_2	2	A4			0	0
seg000	seg000_A6	A6	45			0	0
seg000	UIDrawRelated_seg000_EB	EB	35			0	0
seg000	seg000_120	120	35			0	0
seg000	seg000_155	155	36			0	0
seg000	seg000_18B	18B	6E			0	0
seg000	seg000_1F9	1F9	30			0	0
seg000	seg000_229	229	107			0	0
seg000	seg000_330	330	1B9			0	0
seg001	seg001_C	C	3E			0	0
seg001	seg001_4A	4A	10			0	0
seg001	seg001_5A	5A	AB	valloc	kin-near	0	0
seg001	seg001_105	105	D			0	0
seg001	seg001_112	112	C3	keyboard_interrupt	kin-near	0	0
seg001	seg001_1D5	1D5	1A	save_rect	kin-same	0	0
seg001	seg001_1EF	1EF	6C			0	0
seg001	MaybeRedrawSlot_seg001_25B	25B	D			0	0
seg001	seg001_268	268	121			0	0
seg002	seg002_A	A	8F			0	0
seg003	seg003_0	0	8			0	0
seg003	seg003_8	8	8			0	0
seg003	seg003_10	10	8			0	0
seg003	seg003_18	18	10			0	0
seg003	seg003_28	28	38			0	0
seg003	seg003_60	60	C1			0	0
seg003	seg003_121	121	925			0	0
seg003	seg003_A46	A46	2			0	0
seg003	seg003_A48	A48	80	keyarray	kin-near	0	0
seg003	seg003_AC8	AC8	24			0	0
seg003	seg003_AEC	AEC	20			0	0
seg003	seg003_B0C	B0C	51			0	0
seg003	seg003_B5D	B5D	8F			0	0
seg003	seg003_BEC	BEC	141			0	0
seg003	seg003_D2D	D2D	1D2			0	0
seg003	seg003_EFF	EFF	78			0	0
seg003	seg003_F77	F77	10B			0	0
seg003	seg003_1082	1082	D0F			0	0
seg003	seg003_1D91	1D91	FF			0	0
seg003	seg003_1E90	1E90	D2A			0	0
seg003	seg003_2BBA	2BBA	19			0	0
seg003	seg003_2BD3	2BD3	27			0	0
seg003	seg003_2BFA	2BFA	17			0	0
seg003	seg003_2C11	2C11	17			0	0
seg003	seg003_2C28	2C28	E			0	0
seg003	seg003_2C36	2C36	5E7			0	0
seg003	seg003_321D	321D	D7			0	0
seg003	seg003_32F4	32F4	31			0	0
seg003	seg003_3325	3325	1A			0	0
seg003	seg003_333F	333F	18			0	0
seg003	seg003_3357	3357	2F			0	0
seg003	seg003_3386	3386	3F			0	0
seg003	seg003_33C5	33C5	F			0	0
seg003	seg003_33D4	33D4	F			0	0
seg003	seg003_33E3	33E3	18			0	0
seg003	seg003_33FB	33FB	21			0	0
seg003	seg003_341C	341C	5E			0	0
seg003	seg003_347A	347A	4B			0	0
seg003	seg003_34C5	34C5	13F			0	0
seg003	seg003_3604	3604	195			0	0
seg003	seg003_3799	3799	17C			0	0
seg003	seg003_3915	3915	4F			0	0
seg003	seg003_3964	3964	18			0	0
seg003	seg003_397C	397C	26			0	0
seg003	seg003_39A2	39A2	43			0	0
seg003	seg003_39E5	39E5	31			0	0
seg003	seg003_3A16	3A16	29			0	0
seg003	seg003_3A3F	3A3F	29			0	0
seg003	seg003_3A68	3A68	1E			0	0
seg003	seg003_3A86	3A86	15			0	0
seg003	seg003_3A9B	3A9B	4F			0	0
seg003	seg003_3AEA	3AEA	3			0	0
seg003	seg003_3AED	3AED	10			0	0
seg003	seg003_3AFD	3AFD	12			0	0
seg003	seg003_3B0F	3B0F	53			0	0
seg003	seg003_3B62	3B62	38			0	0
seg003	seg003_3B9A	3B9A	7			0	0
seg003	seg003_3BA1	3BA1	3			0	0
seg003	seg003_3BA4	3BA4	4A			0	0
seg003	seg003_3BEE	3BEE	3			0	0
seg003	seg003_3BF1	3BF1	4D			0	0
seg003	seg003_3C3E	3C3E	60			0	0
seg003	seg003_3C9E	3C9E	5			0	0
seg003	seg003_3CA3	3CA3	B			0	0
seg003	seg003_3CAE	3CAE	51			0	0
seg003	seg003_3CFF	3CFF	2F			0	0
seg003	seg003_3D2E	3D2E	14			0	0
seg003	seg003_3D42	3D42	5			0	0
seg003	seg003_3D47	3D47	1C7			0	0
seg003	seg003_3F0E	3F0E	CE			0	0
seg003	seg003_3FDC	3FDC	62			0	0
seg003	seg003_403E	403E	5E			0	0
seg003	seg003_409C	409C	98			0	0
seg003	seg003_4134	4134	A8			0	0
seg003	seg003_41DC	41DC	2D	_key_set	kin-near	0	0
seg003	seg003_4209	4209	32			0	0
seg003	seg003_423B	423B	47			0	0
seg003	seg003_4282	4282	10B			0	0
seg003	seg003_438D	438D	73			0	0
seg003	seg003_4400	4400	F			0	0
seg003	seg003_440F	440F	53			0	0
seg003	seg003_4462	4462	1B			0	0
seg003	seg003_447D	447D	35			0	0
seg003	seg003_44B2	44B2	1A			0	0
seg003	seg003_44CC	44CC	15			0	0
seg003	seg003_44E1	44E1	4EF			0	0
seg003	seg003_49D0	49D0	36			0	0
seg003	seg003_4A06	4A06	23F			0	0
seg003	seg003_4C45	4C45	6C			0	0
seg003	seg003_4CB1	4CB1	3C			0	0
seg003	WriteTextToScreen_seg003_4CED	4CED	DE			0	0
seg003	WritingTextToScreen_seg003_4DCB	4DCB	DE			0	0
seg003	seg003_4EA9	4EA9	81			0	0
seg003	seg003_4F2A	4F2A	3C			0	0
seg003	seg003_4F66	4F66	78			0	0
seg003	seg003_4FDE	4FDE	196			0	0
seg003	seg003_5174	5174	3F			0	0
seg003	seg003_51B3	51B3	7B			0	0
seg003	seg003_522E	522E	8C			0	0
seg003	seg003_52BA	52BA	5A			0	0
seg003	seg003_5314	5314	3C			0	0
seg003	seg003_5350	5350	C8			0	0
seg003	seg003_5418	5418	D3			0	0
seg003	seg003_54EB	54EB	94			0	0
seg003	seg003_557F	557F	3C			0	0
seg003	seg003_55BB	55BB	200			0	0
seg003	seg003_57BB	57BB	63			0	0
seg003	seg003_581E	581E	63			0	0
seg003	seg003_5881	5881	F3			0	0
seg003	seg003_5974	5974	4D			0	0
seg003	seg003_59C1	59C1	58			0	0
seg003	seg003_5A19	5A19	19			0	0
seg003	seg003_5A32	5A32	40			0	0
seg003	seg003_5A72	5A72	3			0	0
seg003	seg003_5A75	5A75	3			0	0
seg003	seg003_5A78	5A78	9			0	0
seg003	seg003_5A81	5A81	6			0	0
seg003	seg003_5A87	5A87	6			0	0
seg003	seg003_5A8D	5A8D	3			0	0
seg003	seg003_5A90	5A90	3			0	0
seg003	seg003_5A93	5A93	3			0	0
seg003	seg003_5A96	5A96	3			0	0
seg003	seg003_5A99	5A99	3			0	0
seg003	seg003_5A9C	5A9C	3			0	0
seg003	seg003_5A9F	5A9F	3			0	0
seg003	seg003_5AA2	5AA2	9			0	0
seg003	seg003_5AAB	5AAB	3			0	0
seg003	seg003_5AAE	5AAE	3			0	0
seg003	seg003_5AB1	5AB1	3			0	0
seg003	seg003_5AB4	5AB4	3			0	0
seg003	seg003_5AB7	5AB7	3			0	0
seg003	seg003_5ABA	5ABA	24			0	0
seg003	seg003_5ADE	5ADE	2D			0	0
seg003	seg003_5B0B	5B0B	52	kq	kin-near	0	0
seg003	seg003_5B5D	5B5D	8			0	0
seg003	seg003_5B65	5B65	7EB			0	0
seg003	seg003_6350	6350	1F7			0	0
seg003	seg003_6547	6547	B			0	0
seg004	seg004_63	63	68			0	0
seg004	seg004_CB	CB	C2			0	0
seg004	seg004_18D	18D	7			0	0
seg004	seg004_194	194	2C8			0	0
seg004	seg004_45C	45C	132			0	0
seg004	seg004_58E	58E	136			0	0
seg004	seg004_6C4	6C4	134			0	0
seg004	seg004_7F8	7F8	138			0	0
seg004	seg004_930	930	141			0	0
seg004	seg004_A71	A71	210			0	0
seg004	seg004_C81	C81	EF			0	0
seg004	seg004_D70	D70	4A			0	0
seg004	seg004_DBA	DBA	CE			0	0
seg004	seg004_E88	E88	76			0	0
seg004	seg004_EFE	EFE	13C			0	0
seg004	seg004_103A	103A	1F			0	0
seg004	seg004_1059	1059	FA			0	0
seg004	seg004_1153	1153	1AB			0	0
seg004	seg004_12FE	12FE	34			0	0
seg004	seg004_1332	1332	3E			0	0
seg004	seg004_1370	1370	1AF			0	0
seg004	seg004_151F	151F	8D			0	0
seg004	seg004_15AC	15AC	16F			0	0
seg004	seg004_171B	171B	90			0	0
seg004	seg004_17AB	17AB	151			0	0
seg004	seg004_18FC	18FC	2E8			0	0
seg004	seg004_1BE4	1BE4	15F			0	0
seg004	seg004_1D43	1D43	136			0	0
seg004	seg004_1E79	1E79	B			0	0
seg004	seg004_1E84	1E84	955			0	0
seg004	seg004_27D9	27D9	33D			0	0
seg004	seg004_2B16	2B16	A			0	0
seg004	seg004_2B20	2B20	F			0	0
seg004	seg004_2B2F	2B2F	344			0	0
seg004	seg004_2E73	2E73	1BA			0	0
seg004	seg004_302D	302D	9			0	0
seg004	seg004_3036	3036	11			0	0
seg004	seg004_3047	3047	13			0	0
seg004	seg004_305A	305A	54			0	0
seg004	seg004_30AE	30AE	48			0	0
seg004	seg004_30F6	30F6	3D			0	0
seg004	seg004_3133	3133	3D			0	0
seg004	seg004_3170	3170	3D			0	0
seg004	seg004_31AD	31AD	DE			0	0
seg004	seg004_328B	328B	141			0	0
seg004	seg004_33CC	33CC	75			0	0
seg004	seg004_3441	3441	A3			0	0
seg004	seg004_34E4	34E4	24E			0	0
seg004	seg004_3732	3732	2C			0	0
seg004	seg004_375E	375E	1D9			0	0
seg004	seg004_3937	3937	12			0	0
seg004	seg004_3949	3949	21A			0	0
seg004	seg004_3B63	3B63	4F8			0	0
seg004	seg004_405B	405B	109			0	0
seg004	seg004_4164	4164	110			0	0
seg004	seg004_4274	4274	10E			0	0
seg004	seg004_4382	4382	605			0	0
seg004	seg004_4987	4987	1BD			0	0
seg004	seg004_4B44	4B44	332			0	0
seg004	seg004_4E76	4E76	1CA			0	0
seg004	seg004_5040	5040	29			0	0
seg004	seg004_5069	5069	6F			0	0
seg004	seg004_50D8	50D8	CB			0	0
seg004	seg004_51A3	51A3	6C			0	0
seg004	seg004_520F	520F	F0			0	0
seg004	seg004_52FF	52FF	75			0	0
seg004	seg004_5374	5374	75			0	0
seg004	seg004_53E9	53E9	3D			0	0
seg004	seg004_5426	5426	12B			0	0
seg004	seg004_5551	5551	3D			0	0
seg004	seg004_558E	558E	12B			0	0
seg004	seg004_56B9	56B9	3D			0	0
seg004	seg004_56F6	56F6	12B			0	0
seg004	seg004_5821	5821	13			0	0
seg004	seg004_5834	5834	4A			0	0
seg004	seg004_587E	587E	7C			0	0
seg004	seg004_58FA	58FA	3D			0	0
seg004	seg004_5937	5937	A5			0	0
seg004	seg004_59DC	59DC	A7			0	0
seg004	seg004_5A83	5A83	A5			0	0
seg004	seg004_5B28	5B28	2D4			0	0
seg004	seg004_5DFC	5DFC	8			0	0
seg004	seg004_5E04	5E04	325			0	0
seg004	seg004_6129	6129	122			0	0
seg004	seg004_624B	624B	17B			0	0
seg004	seg004_63C6	63C6	17F			0	0
seg004	seg004_6545	6545	17D			0	0
seg004	seg004_66C2	66C2	12AC			0	0
seg004	seg004_796E	796E	D3			0	0
seg004	seg004_7A41	7A41	C8			0	0
seg004	seg004_7B09	7B09	2E	conv_comobj	kin-same	0	0
seg004	seg004_7B37	7B37	6			0	0
seg004	seg004_7B3D	7B3D	7D			0	0
seg004	seg004_7BBA	7BBA	D1			0	0
seg004	seg004_7C8B	7C8B	14F			0	0
seg005_10B2	start	0	113			0	0
seg005_10B2	seg005_10B2_113	113	20			0	0
seg005_10B2	seg005_10B2_133	133	40			0	0
seg005_10B2	seg005_10B2_173	173	43			0	0
seg005_10B2	seg005_10B2_1B6	1B6	70			0	0
seg005_10B2	seg005_10B2_226	226	23			0	0
seg005_10B2	seg005_10B2_249	249	64			0	0
seg005_10B2	seg005_10B2_2AD	2AD	51			0	0
seg005_10B2	CloseFile_seg005_10B2_2FE	2FE	2E			0	0
seg005_10B2	seg005_10B2_32C	32C	25			0	0
seg005_10B2	seg005_10B2_351	351	80			0	0
seg005_10B2	seg005_10B2_3D1	3D1	3F			0	0
seg005_10B2	seg005_10B2_410	410	6D			0	0
seg005_10B2	CloseFile_seg005_10B2_47D	47D	80			0	0
seg005_10B2	seg005_10B2_4FD	4FD	52			0	0
seg005_10B2	seg005_10B2_54F	54F	86			0	0
seg005_10B2	seg005_10B2_5D5	5D5	6F			0	0
seg005_10B2	seg005_10B2_644	644	38			0	0
seg005_10B2	seg005_10B2_67C	67C	C6			0	0
seg005_10B2	seg005_10B2_742	742	98			0	0
seg005_10B2	seg005_10B2_7DA	7DA	22			0	0
seg005_10B2	AddFileToTable_seg005_10B2_7FC	7FC	6C			0	0
seg005_10B2	FileReadToAddress_seg005_10B2_868	868	EC			0	0
seg005_10B2	FileReadToAddress_seg005_10B2_954	954	4D			0	0
seg005_10B2	seg005_10B2_9A1	9A1	66			0	0
seg005_10B2	SeekToAFile_Location_seg005_10B2_A07	A07	66			0	0
seg005_10B2	seg005_10B2_A6D	A6D	43			0	0
seg005_10B2	seg005_10B2_AB0	AB0	49			0	0
seg005_10B2	seg005_10B2_AF9	AF9	13			0	0
seg005_10B2	seg005_10B2_B0C	B0C	13			0	0
seg005_10B2	seg005_10B2_B1F	B1F	28			0	0
seg005_10B2	seg005_10B2_B47	B47	17			0	0
seg005_10B2	seg005_10B2_B5E	B5E	1C			0	0
seg005_10B2	seg005_10B2_B7A	B7A	11C			0	0
seg005_10B2	seg005_10B2_C96	C96	140			0	0
seg005_10B2	InitRNG_seg005_10B2_DD6	DD6	11			0	0
seg005_10B2	RNG_seg005_DE7	DE7	26			0	0
seg005_10B2	seg005_10B2_E0D	E0D	8F			0	0
seg005_10B2	seg005_10B2_E9C	E9C	101			0	0
seg005_10B2	seg005_10B2_F9D	F9D	73			0	0
seg005_10B2	seg005_10B2_1010	1010	4D			0	0
seg005_10B2	seg005_10B2_105D	105D	33			0	0
seg005_10B2	seg005_10B2_1090	1090	1A			0	0
seg005_10B2	seg005_10B2_10AA	10AA	123			0	0
seg005_10B2	seg005_10B2_11CD	11CD	1D0			0	0
seg005_10B2	seg005_10B2_139D	139D	81			0	0
seg005_10B2	seg005_10B2_141E	141E	2C			0	0
seg005_10B2	seg005_10B2_144A	144A	2C			0	0
seg005_10B2	seg005_10B2_1476	1476	13F			0	0
seg005_10B2	ParseNumber_seg005_10B2_15B5	15B5	7D			0	0
seg005_10B2	seg005_10B2_1632	1632	22			0	0
seg005_10B2	seg005_10B2_1654	1654	4D			0	0
seg005_10B2	seg005_10B2_16A1	16A1	29			0	0
seg005_10B2	seg005_10B2_16CA	16CA	1B			0	0
seg005_10B2	seg005_10B2_16E5	16E5	1E			0	0
seg005_10B2	seg005_10B2_1703	1703	10			0	0
seg005_10B2	seg005_10B2_1713	1713	3C			0	0
seg005_10B2	seg005_10B2_174F	174F	41			0	0
seg005_10B2	seg005_10B2_1790	1790	C6			0	0
seg005_10B2	seg005_10B2_1856	1856	68			0	0
seg005_10B2	seg005_10B2_18BE	18BE	33			0	0
seg005_10B2	seg005_10B2_18F1	18F1	2D			0	0
seg005_10B2	seg005_10B2_191E	191E	41			0	0
seg005_10B2	seg005_10B2_195F	195F	29			0	0
seg005_10B2	seg005_10B2_1988	1988	59			0	0
seg005_10B2	seg005_10B2_19E1	19E1	18			0	0
seg005_10B2	seg005_10B2_19F9	19F9	B8			0	0
seg005_10B2	seg005_10B2_1AB1	1AB1	1B			0	0
seg005_10B2	seg005_10B2_1ACC	1ACC	6F			0	0
seg005_10B2	seg005_10B2_1B3B	1B3B	1D			0	0
seg005_10B2	seg005_10B2_1B58	1B58	20			0	0
seg005_10B2	seg005_10B2_1B78	1B78	F			0	0
seg005_10B2	seg005_10B2_1B87	1B87	11			0	0
seg005_10B2	seg005_10B2_1B98	1B98	28			0	0
seg005_10B2	seg005_10B2_1BC0	1BC0	C1			0	0
seg005_10B2	seg005_10B2_1C81	1C81	63			0	0
seg005_10B2	seg005_10B2_1CE4	1CE4	27			0	0
seg005_10B2	seg005_10B2_1D0B	1D0B	3D			0	0
seg005_10B2	seg005_10B2_1D48	1D48	11			0	0
seg005_10B2	MoveFilePointer_seg005_10B2_1D59	1D59	29			0	0
seg005_10B2	seg005_10B2_1D82	1D82	7D			0	0
seg005_10B2	HexToDecimalString_seg005_10B2_1DFF	1DFF	27			0	0
seg005_10B2	seg005_10B2_1E26	1E26	1A			0	0
seg005_10B2	seg005_10B2_1E40	1E40	25			0	0
seg005_10B2	seg005_10B2_1E65	1E65	21			0	0
seg005_10B2	seg005_10B2_1E86	1E86	28			0	0
seg005_10B2	SetArrayValues_seg005_10B2_1EAE	1EAE	19			0	0
seg005_10B2	seg005_10B2_1EC7	1EC7	16			0	0
seg005_10B2	CopyDataBySize_seg005_1EDD	1EDD	22			0	0
seg005_10B2	seg005_10B2_1EFF	1EFF	19			0	0
seg005_10B2	seg005_10B2_1F18	1F18	12			0	0
seg005_10B2	CreateOrOpenFile_seg005_1F2A	1F2A	13B			0	0
seg005_10B2	seg005_10B2_2065	2065	4C			0	0
seg005_10B2	MaybeFileSeek_seg005_20B1	20B1	BB			0	0
seg005_10B2	seg005_10B2_216C	216C	1A			0	0
seg005_10B2	seg005_10B2_2186	2186	1F			0	0
seg005_10B2	seg005_10B2_21A5	21A5	14			0	0
seg005_10B2	seg005_10B2_21B9	21B9	47F			0	0
seg005_10B2	seg005_10B2_2638	2638	2B			0	0
seg005_10B2	seg005_10B2_2663	2663	17F			0	0
seg005_10B2	seg005_10B2_27E2	27E2	18			0	0
seg005_10B2	seg005_10B2_27FA	27FA	1C			0	0
seg005_10B2	seg005_10B2_2816	2816	13			0	0
seg005_10B2	seg005_10B2_2829	2829	13			0	0
seg005_10B2	seg005_10B2_283C	283C	2C			0	0
seg005_10B2	seg005_10B2_2868	2868	7			0	0
seg005_10B2	seg005_10B2_286F	286F	9B			0	0
seg005_10B2	CombineStrings_seg005_10B2_290A	290A	39			0	0
seg005_10B2	seg005_10B2_2943	2943	36			0	0
seg005_10B2	StoreStringInLocation_seg005_2979	2979	24			0	0
seg005_10B2	StringLen_seg005_10B2_299D	299D	1A			0	0
seg005_10B2	seg005_10B2_29B7	29B7	2C			0	0
seg005_10B2	ToUpperCase_seg005_10B2_29E3	29E3	20			0	0
seg005_10B2	seg005_10B2_2A03	2A03	181			0	0
seg005_10B2	seg005_10B2_2B84	2B84	12B			0	0
seg005_10B2	seg005_10B2_2CAF	2CAF	16			0	0
seg005_10B2	seg005_10B2_2CC5	2CC5	7			0	0
seg005_10B2	seg005_10B2_2CCC	2CCC	9			0	0
seg005_10B2	seg005_10B2_2CD5	2CD5	8			0	0
seg005_10B2	seg005_10B2_2CDD	2CDD	1A			0	0
seg005_10B2	seg005_10B2_2CF7	2CF7	D			0	0
seg005_10B2	seg005_10B2_2D04	2D04	9			0	0
seg005_10B2	seg005_10B2_2D0D	2D0D	497			0	0
seg005_10B2	seg005_10B2_31A4	31A4	49			0	0
seg005_10B2	seg005_10B2_31ED	31ED	2F			0	0
seg005_10B2	seg005_10B2_321C	321C	62			0	0
seg005_10B2	seg005_10B2_327E	327E	71			0	0
seg005_10B2	seg005_10B2_32EF	32EF	29			0	0
seg005_10B2	seg005_10B2_3318	3318	36			0	0
seg005_10B2	seg005_10B2_334E	334E	29			0	0
seg005_10B2	seg005_10B2_3377	3377	61			0	0
seg005_10B2	seg005_10B2_33D8	33D8	39			0	0
seg005_10B2	seg005_10B2_3411	3411	23			0	0
seg005_10B2	seg005_10B2_3434	3434	7D			0	0
seg005_10B2	seg005_10B2_34B1	34B1	7A			0	0
seg005_10B2	seg005_10B2_352B	352B	D0			0	0
seg005_10B2	MultiplyDXCXAXBX_seg005_35FB	35FB	17			0	0
seg005_10B2	seg005_10B2_3612	3612	21			0	0
seg005_10B2	seg005_10B2_3633	3633	3			0	0
seg005_10B2	Divide32BitNumbers_seg005_3636	3636	7			0	0
seg005_10B2	Divide32BitNumbers_seg005_363D	363D	5			0	0
seg005_10B2	seg005_10B2_3642	3642	B			0	0
seg005_10B2	seg005_10B2_364D	364D	97			0	0
seg005_10B2	BitShiftL_AXDX_BY_CX_seg005_10B2_36E4	36E4	21			0	0
seg005_10B2	seg005_10B2_3705	3705	20			0	0
seg005_10B2	BitShiftRight_seg005_10B2_3725	3725	1E			0	0
seg005_10B2	seg005_10B2_3743	3743	60			0	0
seg005_10B2	seg005_10B2_37A3	37A3	2B			0	0
seg005_10B2	CopyArray_seg005_10B2_37CE	37CE	22			0	0
seg005_10B2	seg005_10B2_37F0	37F0	1D			0	0
seg005_10B2	seg005_10B2_380D	380D	3A			0	0
seg005_10B2	seg005_10B2_3847	3847	39			0	0
seg005_10B2	seg005_10B2_3880	3880	1C			0	0
seg005_10B2	seg005_10B2_389C	389C	23			0	0
seg005_10B2	seg005_10B2_38BF	38BF	60			0	0
seg005_10B2	seg005_10B2_391F	391F	40			0	0
seg005_10B2	seg005_10B2_395F	395F	29			0	0
seg005_10B2	seg005_10B2_3988	3988	19			0	0
seg005_10B2	seg005_10B2_39A1	39A1	35			0	0
seg005_10B2	seg005_10B2_39D6	39D6	42			0	0
seg005_10B2	seg005_10B2_3A18	3A18	53			0	0
seg005_10B2	seg005_10B2_3A6B	3A6B	17			0	0
seg005_10B2	seg005_10B2_3A82	3A82	21			0	0
seg005_10B2	seg005_10B2_3AA3	3AA3	4			0	0
seg005_10B2	seg005_10B2_3AA7	3AA7	4			0	0
seg005_10B2	seg005_10B2_3AAB	3AAB	4			0	0
seg005_10B2	seg005_10B2_3AAF	3AAF	1A1			0	0
seg006_1477	DropNPCRemains_seg006_5	5	15F	build_corpse	kin-near	0	0
seg006_1477	seg006_1477_164	164	12A			0	0
seg006_1477	InitVariablesAndDelegates_seg006_1477_28E	28E	D9			0	0
seg006_1477	seg006_1477_367	367	290			0	0
seg006_1477	SetALto0_seg006_1477_5F7	5F7	7			0	0
seg006_1477	seg006_1477_5FE	5FE	CD			0	0
seg006_1477	CalculateMotionTopLevel_seg006_6CB	6CB	2B	do_crit_phys	kin-same	0	0
seg006_1477	TraverseMultipleTiles_seg006_1477_6F6	6F6	960	hyp_move	kin-near	0	0
seg006_1477	TestTileTraversal_seg006_1056	1056	265	hyp_see	kin-same	0	0
seg006_1477	PathFindBetweenTiles_seg006_1477_12BB	12BB	588	flood_path	kin-near	0	0
seg006_1477	seg006_1477_1843	1843	F5	make_path_from_flood_data	kin-near	0	0
seg006_1477	seg006_1477_1938	1938	299	beeline	kin-near	0	0
seg006_1477	TestBetweenPoints_seg006_1477_1BD1	1BD1	470	line_of_sight	kin-near	0	0
seg006_1477	seg006_1477_2041	2041	190			0	0
seg006_1477	seg006_1477_21D1	21D1	39	find_free_path	kin-same	0	0
seg006_1477	seg006_1477_220A	220A	3A	clear_paths	kin-same	0	0
seg006_1477	UpdateSeg57TurningValues_seg006_1477_2244	2244	187	store_path	kin-near	0	0
seg006_1477	MaybeUpdatePathFlag_seg006_1477_23CB	23CB	DD	set_next_square_on_path	kin-same	0	0
seg006_1477	seg006_1477_24A8	24A8	5C	close_to_square	kin-near	0	0
seg006_1477	TurnTowardsPath_seg006_1477_2504	2504	175	move_along_path	kin-near	0	0
seg006_1477	seg006_1477_2679	2679	1E9			0	0
seg006_1477	GetVectorHeading_seg006_1477_2862	2862	88	deltatotheta	kin-same	0	0
seg006_1477	SetNPCTargetDestination_seg006_1477_28EA	28EA	B7	set_loc	kin-same	0	0
seg006_1477	NPC_Goto_seg006_1477_29A1	29A1	6C0			0	0
seg006_1477	seg006_1477_3061	3061	C2			0	0
seg006_1477	NPCTryToOpenDoor_seg006_1477_3123	3123	EE	try_to_open_door	kin-near	0	0
seg007_1798	NPCWanderUpdate_seg007_1798_1	1	3E3			0	0
seg007_1798	seg007_1798_3E4	3E4	1FB			0	0
seg007_1798	Goal8_seg007_1798_5DF	5DF	D1	crit_mill	kin-near	0	0
seg007_1798	StandStillGoal_seg007_1798_6B0	6B0	1E1	crit_guard	kin-near	0	0
seg007_1798	NPC_Goal5_Attack_seg007_1798_891	891	26E			0	0
seg007_1798	ChooseMeleeAttackToMake_seg007_1798_AFF	AFF	35E			0	0
seg007_1798	AttackGoalSearchForTarget_seg007_E5D	E5D	195			0	0
seg007_1798	TryToDoMagicAttack_seg007_1798_FF2	FF2	AD			0	0
seg007_1798	NPCStartMagicAttack_seg007_1798_109F	109F	15C			0	0
seg007_1798	seg007_1798_11FB	11FB	CB	crit_missile_attack	kin-near	0	0
seg007_1798	NPCGoal9_seg007_1798_12C6	12C6	134			0	0
seg007_1798	NPCGoal6_seg007_1798_13FA	13FA	423			0	0
seg007_1798	MaybeVectorsToPlayer_seg007_1798_181D	181D	11A	crit_avoid_player	kin-same	0	0
seg007_1798	GoalTalkto_seg007_1798_1937	1937	1BF			0	0
seg007_1798	ReactToPlayerPresence_seg007_1AF6	1AF6	FE			0	0
seg007_1798	NPCGoalC_seg007_1798_1BF4	1BF4	F7			0	0
seg007_1798	SearchForGoalTarget_seg007_1798_1CEB	1CEB	22F	target_found	kin-same	0	0
seg007_1798	TurnTowardsTarget_seg007_1798_1F1A	1F1A	C2	look_for_target	kin-same	0	0
seg007_1798	seg007_1798_1FDC	1FDC	147	constrain_movement	kin-same	0	0
seg007_1798	seg007_1798_2123	2123	19E	turn_real_fine	kin-same	0	0
seg007_1798	GetPitchToGTarg_seg007_1798_22C1	22C1	95	compute_trz_or_try_rather	kin-near	0	0
seg007_1798	seg007_1798_2356	2356	132	set_critter_vars	kin-near	0	0
seg007_1798	NPCInitialProcessing_seg007_2488	2488	7C2	critter_ai	kin-near	0	0
seg007_1798	NPCBehaviours_seg007_1798_2C4A	2C4A	621			0	0
seg007_1798	GetDistancesToGTarg_seg007_326B	326B	118	set_up_target	kin-same	0	0
seg007_1798	seg007_1798_3383	3383	87	should_i_flee	kin-same	0	0
seg007_1798	seg007_1798_340A	340A	84	acceptable_danger	kin-near	0	0
seg007_1798	SetNewGoalAndGtarg_seg007_348E	348E	6F	critter_set_goal	kin-same	0	0
seg007_1798	ResetGoalAndGtarg_seg007_1798_34FD	34FD	7A	critter_discard_goal	kin-same	0	0
seg007_1798	ProcessDeath_seg007_1798_3577	3577	54	go_into_dying_sequence	kin-near	0	0
seg007_1798	Death_seg007_1798_35CB	35CB	57			0	0
seg007_1798	DamageNPC_seg007_1798_3622	3622	203	damage_critter	kin-near	0	0
seg007_1798	seg007_1798_3825	3825	43	timetodo	kin-same	0	0
seg007_1798	ProcessMobileObjects_seg007_1798_3868	3868	C3	move_mobile	kin-near	0	0
seg008_1B2A	SetPlayerDataOxB9_seg008_B	B	32			0	0
seg008_1B2A	ProcessPlayerTileState_seg008_1B2A_3D	3D	113	parse_player_terr	kin-near	0	0
seg008_1B2A	EtherealVoidSpecialEffects_seg008_150	150	C6			0	0
seg008_1B2A	seg008_1B2A_216	216	3CD	simple_fizix	kin-near	0	0
seg008_1B2A	PlayerMotionInitialCalc_seg008_5E3	5E3	EE			0	0
seg008_1B2A	PlacePlayerInTile_seg008_6D1	6D1	23C			0	0
seg008_1B2A	ApplyPlayerMotion_seg008_90D	90D	2DF			0	0
seg008_1B2A	CalculateMotionFromCommand_seg008_BEC	BEC	16F			0	0
seg008_1B2A	StopFalling_seg008_D5B	D5B	2A	phys_bounce_up	kin-same	0	0
seg008_1B2A	seg008_1B2A_D85	D85	19	fizix_update	kin-same	0	0
seg008_1B2A	BouncePlayer_seg008_D9E	D9E	38			0	0
seg008_1B2A	DoTrapScreenShake_seg008_DD6	DD6	11			0	0
seg008_1B2A	QuakeTrap_seg008_DE7	DE7	25			0	0
seg008_1B2A	UpdateMotionStateAndSwimming_seg008_E0C	E0C	135			0	0
seg009	seg009_1	1	6C	grs_plot	kin-near	0	0
seg009	seg009_6D	6D	DD			0	0
seg009	seg009_14A	14A	52	grs_unpack	kin-near	0	0
seg009	seg009_19C	19C	85	grs_fbplot	kin-near	0	0
seg009	seg009_221	221	44	grs_which1	kin-same	0	0
seg009	seg009_265	265	C7			0	0
seg009	seg009_32C	32C	21	pic_to_fbuf	kin-same	0	0
seg009	seg009_34D	34D	3F	mask_to_screen	kin-same	0	0
seg009	seg009_38C	38C	58			0	0
seg010	seg010_4	4	56	init_input	kin-same	0	0
seg010	seg010_5A	5A	29	free_input	kin-same	0	0
seg010	RegisterEvent_seg010_83	83	82	input_addmouse	kin-same	0	0
seg010	RegisterEventHandler_seg010_105	105	70	_input_addkey	kin-same	0	0
seg010	seg010_175	175	13C	input_del	kin-near	0	0
seg010	seg010_2B1	2B1	14C	input_dispatch	kin-same	0	0
seg010	seg010_3FD	3FD	7A	dispatch_key	kin-same	0	0
seg011_1CA3	seg011_1CA3_7	7	25	mainloop	kin-near	0	0
seg011_1CA3	seg011_1CA3_2C	2C	83	do_changes	kin-near	0	0
seg011_1CA3	SetGameLoopBitField_seg011_AF	AF	C	editchng	kin-same	0	0
seg012	seg012_B	B	9B			0	0
seg012	seg012_A6	A6	15			0	0
seg012	seg012_BB	BB	54			0	0
seg012	seg012_10F	10F	1D			0	0
seg012	seg012_12C	12C	15			0	0
seg012	seg012_141	141	1D			0	0
seg012	seg012_15E	15E	53			0	0
seg012	seg012_1B1	1B1	D			0	0
seg013_1CC9	seg013_1CC9_E	E	67	init_mouse	kin-same	0	0
seg013_1CC9	seg013_1CC9_75	75	4C	_actual_mhide	kin-same	0	0
seg013_1CC9	LikelyDrawCursor_seg013_1CC9_C1	C1	16	mouse_show	kin-same	0	0
seg013_1CC9	seg013_1CC9_D7	D7	21	mouse_hide	kin-same	0	0
seg013_1CC9	seg013_1CC9_F8	F8	1D			0	0
seg013_1CC9	seg013_1CC9_115	115	25	mous_in_3d_p	kin-same	0	0
seg013_1CC9	seg013_1CC9_13A	13A	11A			0	0
seg013_1CC9	seg013_1CC9_254	254	65			0	0
seg013_1CC9	GetPositionIn3dWindow_seg013_1CC9_2B9	2B9	15	mouse_getxy	kin-same	0	0
seg013_1CC9	seg013_1CC9_2CE	2CE	2A	mouse_Qgetxy	kin-same	0	0
seg013_1CC9	seg013_1CC9_2F8	2F8	12			0	0
seg013_1CC9	seg013_1CC9_30A	30A	E			0	0
seg013_1CC9	seg013_1CC9_318	318	2D	mouse_putxy	kin-same	0	0
seg013_1CC9	seg013_1CC9_345	345	22	mouse_getbut	kin-same	0	0
seg013_1CC9	ClickEventRelated_seg013_1CC9_367	367	7D	mouse_release	kin-same	0	0
seg013_1CC9	seg013_1CC9_3E4	3E4	89	mouse_dragged	kin-near	0	0
seg013_1CC9	seg013_1CC9_46D	46D	1D			0	0
seg013_1CC9	MaybeSetScreenSize_seg013_1CC9_48A	48A	19	mouse_freereign	kin-same	0	0
seg013_1CC9	seg013_1CC9_4A3	4A3	4C	do_mouse_input	kin-same	0	0
seg013_1CC9	seg013_1CC9_4EF	4EF	7C	do_keyarray_input	kin-same	0	0
seg013_1CC9	seg013_1CC9_56B	56B	99	do_keyboard_input	kin-same	0	0
seg013_1CC9	seg013_1CC9_604	604	4D	get_input	kin-same	0	0
seg013_1CC9	seg013_1CC9_651	651	D			0	0
seg013_1CC9	seg013_1CC9_65E	65E	D	mouse_get_input_sp	kin-same	0	0
seg013_1CC9	seg013_1CC9_66B	66B	71	defineMouseRegion	kin-same	0	0
seg013_1CC9	seg013_1CC9_6DC	6DC	5E	undefineMouseRegion	kin-same	0	0
seg013_1CC9	ChangeCursor_seg013_73A	73A	32	force_mouse_cursor	kin-same	0	0
seg013_1CC9	seg013_1CC9_76C	76C	4A	unforce_mouse_cursor	kin-same	0	0
seg013_1CC9	seg013_1CC9_7B6	7B6	4C	mouse_check_reg	kin-same	0	0
seg013_1CC9	seg013_1CC9_802	802	66	set_mouse_data	kin-same	0	0
seg013_1CC9	seg013_1CC9_868	868	D4	checkMouse	kin-same	0	0
seg013_1CC9	seg013_1CC9_93C	93C	26C			0	0
seg013_1CC9	seg013_1CC9_BA8	BA8	40	MousQUp	kin-same	0	0
seg013_1CC9	seg013_1CC9_BE8	BE8	47	MousReSave	kin-same	0	0
seg013_1CC9	seg013_1CC9_C2F	C2F	C3	MousReSave3d	kin-near	0	0
seg013_1CC9	seg013_1CC9_CF2	CF2	64			0	0
seg013_1CC9	seg013_1CC9_D56	D56	68	draw3dMouse	kin-near	0	0
seg013_1CC9	seg013_1CC9_DBE	DBE	6B	warpMouse	kin-same	0	0
seg013_1CC9	seg013_1CC9_E29	E29	164			0	0
seg013_1CC9	seg013_1CC9_F8D	F8D	3E			0	0
seg014_1DC5	seg014_1DC5_1D	1D	44			0	0
seg014_1DC5	seg014_1DC5_61	61	1B5			0	0
seg014_1DC5	seg014_1DC5_216	216	D8	load_global_timbre	kin-near	0	0
seg014_1DC5	seg014_1DC5_2EE	2EE	D3	init_timbres	kin-near	0	0
seg014_1DC5	seg014_1DC5_3C1	3C1	5B	install_timbre	kin-same	0	0
seg014_1DC5	LoadXMIFILE_seg014_41C	41C	157			0	0
seg014_1DC5	seg014_1DC5_573	573	9A			0	0
seg014_1DC5	seg014_1DC5_60D	60D	CE			0	0
seg014_1DC5	seg014_1DC5_6DB	6DB	5D	read_file_to_mbuf	kin-near	0	0
seg014_1DC5	GetMusicFileNo_seg014_738	738	8			0	0
seg014_1DC5	seg014_1DC5_740	740	14	music_is_on	kin-near	0	0
seg014_1DC5	seg014_1DC5_754	754	14	music_is_on	kin-near	0	0
seg014_1DC5	ToggleMusic_seg014_768	768	94			0	0
seg014_1DC5	seg014_1DC5_7FC	7FC	4F			0	0
seg014_1DC5	seg014_1DC5_84B	84B	63	stop_music	kin-near	0	0
seg014_1DC5	LoadSoundAtCoordinate_seg014_1DC5_8AE	8AE	26D			0	0
seg014_1DC5	PlaySoundEffectAtAvatar_seg014_1DC5_B1B	B1B	81			0	0
seg014_1DC5	PlaySoundEffectAtObject_seg014_1DC5_B9C	B9C	61	play_effect_on_mobile	kin-near	0	0
seg014_1DC5	seg014_1DC5_BFD	BFD	7F			0	0
seg014_1DC5	seg014_1DC5_C7C	C7C	192			0	0
seg014_1DC5	LoadSoundsDat_seg014_E0E	E0E	10B			0	0
seg014_1DC5	seg014_1DC5_F19	F19	50			0	0
seg014_1DC5	LoadBasicSound_seg014_1DC5_F69	F69	22C			0	0
seg014_1DC5	PlayMusicalInstrument_seg014_1195	1195	32E	play_instrument	kin-near	0	0
seg014_1DC5	SpawnCupOfWonder_seg014_14C3	14C3	8B			0	0
seg014_1DC5	seg014_1DC5_154E	154E	1B	free_timers	kin-near	0	0
seg014_1DC5	seg014_1DC5_1569	1569	51			0	0
seg014_1DC5	ChangeThemeMusic_seg014_15BA	15BA	B			0	0
seg014_1DC5	PickLevelThemeMusic_seg014_15C5	15C5	17			0	0
seg014_1DC5	seg014_1DC5_15DC	15DC	31			0	0
seg014_1DC5	RefreshMusic_seg014_160D	160D	1B4			0	0
seg014_1DC5	MaybeCheckThemeIsPlaying_seg014_1DC5_17C1	17C1	2C	music_over	kin-same	0	0
seg014_1DC5	seg014_1DC5_17ED	17ED	4D	do_settings	kin-same	0	0
seg014_1DC5	seg014_1DC5_183A	183A	E3			0	0
seg014_1DC5	seg014_1DC5_191D	191D	8			0	0
seg014_1DC5	seg014_1DC5_1925	1925	5C			0	0
seg014_1DC5	seg014_1DC5_1981	1981	1C0			0	0
seg014_1DC5	seg014_1DC5_1B41	1B41	137			0	0
seg014_1DC5	seg014_1DC5_1C78	1C78	4E	speech_over	kin-near	0	0
seg014_1DC5	seg014_1DC5_1CC6	1CC6	18			0	0
seg014_1DC5	seg014_1DC5_1CDE	1CDE	2F			0	0
seg014_1DC5	seg014_1DC5_1D0D	1D0D	60			0	0
seg015_1F9B	seg015_1F9B_E	E	DA	grab	kin-same	0	0
seg015_1F9B	seg015_1F9B_E8	E8	10	free_speech_stuff	kin-same	0	0
seg015_1F9B	ClearData_seg015_1F9B_F8	F8	16	mem_set	kin-near	0	0
seg015_1F9B	Strlen_seg015_1F9B_10E	10E	16	str_len	kin-same	0	0
seg015_1F9B	CopySubstring_seg015_1F9B_124	124	20	str_ncopy	kin-same	0	0
seg015_1F9B	CopyStringToLocation_seg015_144	144	35	str_copy	kin-same	0	0
seg015_1F9B	FindStringDelimiter_seg015_1F9B_179	179	28	FindStringDelimiter	kin-same	0	0
seg015_1F9B	seg015_1F9B_1A1	1A1	5B	str_str	kin-same	0	0
seg015_1F9B	seg015_1F9B_1FC	1FC	29	str_cmp	kin-same	0	0
seg015_1F9B	seg015_1F9B_225	225	35	local_do_palette	kin-same	0	0
seg015_1F9B	seg015_1F9B_25A	25A	4D	gr_pixel	kin-same	0	0
seg015_1F9B	seg015_1F9B_2A7	2A7	7E	create_sprite	kin-same	0	0
seg015_1F9B	seg015_1F9B_325	325	41	destroy_sprite	kin-same	0	0
seg015_1F9B	seg015_1F9B_366	366	5B	change_sprite	kin-near	0	0
seg017_1FDD	seg017_1FDD_1	1	35	draw_sprite	kin-same	0	0
seg017_1FDD	seg017_1FDD_36	36	1A	set_pix_xfer	kin-same	0	0
seg017_1FDD	DetailLevel_seg017_50	50	75			0	0
seg017_1FDD	seg017_1FDD_C5	C5	27E			0	0
seg017_1FDD	seg017_1FDD_343	343	1E3	do_3d_pickup	kin-near	0	0
seg017_1FDD	StartRendering_seg017_526	526	274	subprocess	kin-near	0	0
seg017_1FDD	seg017_1FDD_79A	79A	E6			0	0
seg017_1FDD	seg017_1FDD_880	880	E4			0	0
seg017_1FDD	seg017_1FDD_964	964	E6			0	0
seg017_1FDD	seg017_1FDD_A4A	A4A	1D1			0	0
seg017_1FDD	seg017_1FDD_C1B	C1B	1A1			0	0
seg017_1FDD	seg017_1FDD_DBC	DBC	668	grdb_elem	kin-near	0	0
seg019	seg019_0	0	17	save_rect	kin-near	0	0
seg019	seg019_17	17	4E	save_rect	kin-same	0	0
seg019	seg019_65	65	3C	restore_rect	kin-near	0	0
seg019	seg019_A1	A1	48	find_proc	kin-near	0	0
seg019	seg019_E9	E9	29	call_driver	kin-same	0	0
seg019	seg019_112	112	9			0	0
seg019	seg019_11B	11B	35	init_DDA_arrays	kin-same	0	0
seg019	seg019_150	150	24	hook_timer_process	kin-same	0	0
seg019	seg019_174	174	15	unhook_timer_process	kin-same	0	0
seg019	seg019_189	189	47	_AIL_startup	kin-same	0	0
seg019	seg019_1D0	1D0	58	_AIL_shutdown	kin-same	0	0
seg019	seg019_228	228	E			0	0
seg019	seg019_236	236	E			0	0
seg019	seg019_244	244	72	_AIL_register_timer	kin-near	0	0
seg019	seg019_2B6	2B6	7			0	0
seg019	seg019_2BD	2BD	2F	_AIL_release_timer_handle	kin-same	0	0
seg019	seg019_2EC	2EC	1E	_AIL_release_all_timers	kin-same	0	0
seg019	seg019_30A	30A	6B	_AIL_start_timer	kin-same	0	0
seg019	seg019_375	375	B			0	0
seg019	seg019_380	380	F	_AIL_start_all_timers	kin-same	0	0
seg019	seg019_38F	38F	14	_AIL_stop_timer	kin-same	0	0
seg019	seg019_3A3	3A3	5A	_AIL_stop_all_timers	kin-same	0	0
seg019	seg019_3FD	3FD	57	_AIL_set_timer_period	kin-same	0	0
seg019	seg019_454	454	17	_AIL_set_timer_frequency	kin-same	0	0
seg019	seg019_46B	46B	3D	_AIL_set_timer_divisor	kin-same	0	0
seg019	seg019_4A8	4A8	74	_AIL_register_driver	kin-near	0	0
seg019	seg019_51C	51C	38	_AIL_release_driver_handle	kin-same	0	0
seg019	seg019_554	554	10	_AIL_describe_driver	kin-same	0	0
seg019	seg019_564	564	15	_AIL_detect_device	kin-same	0	0
seg019	seg019_579	579	1F			0	0
seg019	seg019_598	598	30	_AIL_shutdown_driver	kin-near	0	0
seg019	seg019_5C8	5C8	21	_AIL_index_VOC_block	kin-same	0	0
seg019	seg019_5E9	5E9	97			0	0
seg019	seg019_680	680	12	_AIL_register_sound_buffer	kin-same	0	0
seg019	seg019_692	692	E	_AIL_format_sound_buffer	kin-same	0	0
seg019	seg019_6A0	6A0	6			0	0
seg019	seg019_6A6	6A6	22			0	0
seg019	seg019_6C8	6C8	1F	_AIL_start_digital_playback	kin-same	0	0
seg019	seg019_6E7	6E7	11	_AIL_stop_digital_playback	kin-same	0	0
seg019	seg019_6F8	6F8	B			0	0
seg019	seg019_703	703	2D			0	0
seg019	seg019_730	730	E	_AIL_resume_digital_playback	kin-same	0	0
seg019	seg019_73E	73E	17	_AIL_set_digital_playback_volume	kin-same	0	0
seg019	seg019_755	755	3C			0	0
seg019	seg019_791	791	1E0			0	0
seg019	seg019_971	971	3C			0	0
seg019	seg019_9AD	9AD	43			0	0
seg019	seg019_9F0	9F0	40			0	0
seg019	seg019_A30	A30	4			0	0
seg019	seg019_A34	A34	4			0	0
seg019	seg019_A38	A38	31			0	0
seg019	seg019_A69	A69	F	_AIL_digital_playback_panpot	kin-same	0	0
seg019	seg019_A78	A78	100			0	0
seg019	seg019_B78	B78	2A			0	0
seg019	seg019_BA2	BA2	32			0	0
seg019	seg019_BD4	BD4	2C			0	0
seg019	seg019_C00	C00	34			0	0
seg019	seg019_C34	C34	4A			0	0
seg019	seg019_C7E	C7E	6			0	0
seg019	seg019_C84	C84	33			0	0
seg019	seg019_CB7	CB7	66			0	0
seg019	seg019_D1D	D1D	5D			0	0
seg019	seg019_D7A	D7A	A0			0	0
seg019	seg019_E1A	E1A	49			0	0
seg019	seg019_E63	E63	4B			0	0
seg019	seg019_EAE	EAE	4D			0	0
seg019	seg019_EFB	EFB	44			0	0
seg019	GetSquareRoot_seg019_F3F	F3F	44			0	0
seg019	seg019_F83	F83	5A			0	0
seg019	seg019_FDD	FDD	27			0	0
seg019	seg019_1004	1004	27			0	0
seg019	seg019_102B	102B	47			0	0
seg020	seg020_3BA	3BA	38	find_proc	kin-same	0	0
seg020	seg020_3F2	3F2	EF	API_timer	kin-near	0	0
seg020	seg020_4E1	4E1	43	init_DDA_arrays	kin-same	0	0
seg020	seg020_524	524	38			0	0
seg020	seg020_55C	55C	26			0	0
seg020	seg020_582	582	29	set_PIT_divisor	kin-same	0	0
seg020	seg020_5AB	5AB	2A	set_PIT_period	kin-same	0	0
seg020	seg020_5D5	5D5	4B			0	0
seg020	seg020_620	620	95	program_timers	kin-same	0	0
seg020	seg020_6B5	6B5	44	AIL_startup	kin-same	0	0
seg020	seg020_6F9	6F9	65	AIL_shutdown	kin-same	0	0
seg020	seg020_75E	75E	AC	AIL_register_timer	kin-near	0	0
seg020	seg020_80A	80A	44	AIL_release_timer_handle	kin-near	0	0
seg020	seg020_84E	84E	1E	AIL_release_all_timers	kin-same	0	0
seg020	seg020_86C	86C	46	AIL_start_timer	kin-same	0	0
seg020	seg020_8B2	8B2	46	AIL_stop_timer	kin-same	0	0
seg020	seg020_8F8	8F8	55	AIL_set_timer_period	kin-same	0	0
seg020	seg020_94D	94D	91	AIL_set_timer_frequency	kin-same	0	0
seg020	seg020_9DE	9DE	B8	AIL_register_driver	kin-same	0	0
seg020	seg020_A96	A96	26			0	0
seg020	seg020_ABC	ABC	6			0	0
seg020	seg020_AC2	AC2	AC	AIL_init_driver	kin-near	0	0
seg020	seg020_B6E	B6E	33	AIL_shutdown_driver	kin-same	0	0
seg020	seg020_BA1	BA1	6			0	0
seg020	seg020_BA7	BA7	6			0	0
seg020	seg020_BAD	BAD	12			0	0
seg020	seg020_BBF	BBF	6			0	0
seg020	seg020_BC5	BC5	2A			0	0
seg020	seg020_BEF	BEF	6			0	0
seg020	seg020_BF5	BF5	6			0	0
seg020	seg020_BFB	BFB	6			0	0
seg020	seg020_C01	C01	6			0	0
seg020	seg020_C07	C07	6			0	0
seg020	seg020_C0D	C0D	6			0	0
seg020	seg020_C13	C13	12			0	0
seg020	seg020_C25	C25	6			0	0
seg020	seg020_C2B	C2B	6			0	0
seg020	seg020_C31	C31	C			0	0
seg020	seg020_C3D	C3D	12	AIL_sequence_status	kin-same	0	0
seg020	seg020_C4F	C4F	6			0	0
seg020	seg020_C55	C55	2A	AIL_set_relative_tempo	kin-same	0	0
seg020	seg020_C7F	C7F	1E	AIL_send_channel_voice_message	kin-same	0	0
seg020	seg020_C9D	C9D	C			0	0
seg020	seg020_CA9	CA9	A			0	0
seg021	seg021_5	5	A2	rotate_bank	kin-same	0	0
seg021	seg021_A7	A7	A2			0	0
seg022_230E	PickBodyHitPoint_seg022_A	A	79	pickloc	kin-same	0	0
seg022_230E	TestForClosestAttackCollisionHit_seg022_83	83	24F	set_hitobj	kin-same	0	0
seg022_230E	SpawnImpactAnimo_seg022_2D2	2D2	194	find_wall_coll	kin-near	0	0
seg022_230E	CheckForAttackHit_seg022_466	466	253	resolve_attack	kin-same	0	0
seg022_230E	CalculateAttackResults_seg022_230E_6B9	6B9	1EC			0	0
seg022_230E	AttackerAppliesFinalDamage_seg022_8A5	8A5	384			0	0
seg022_230E	CombatMissImpactSound_seg022_C29	C29	11F	do_miss	kin-near	0	0
seg022_230E	CalcFlankingBonus_seg022_230E_D48	D48	54	compute_hitangle	kin-same	0	0
seg022_230E	ExecuteAttack_seg022_D9C	D9C	DC	do_attack	kin-near	0	0
seg022_230E	CheckForAmmo_seg022_E78	E78	9E			0	0
seg022_230E	seg022_230E_F16	F16	E0			0	0
seg022_230E	CalculateAttackScorePlayer_seg022_FF6	FF6	120			0	0
seg022_230E	seg022_230E_1116	1116	3C	missile_finish	kin-same	0	0
seg022_230E	seg022_230E_1152	1152	31	fin_attack	kin-near	0	0
seg022_230E	EndCombat_seg022_1183	1183	37	clear_fight_state	kin-near	0	0
seg022_230E	PlayerCombat_seg022_11BA	11BA	305			0	0
seg022_230E	MissileAttackHit_seg022_14BF	14BF	11F	missile_thwack	kin-near	0	0
seg022_230E	NPCExecuteAttack_seg022_15DE	15DE	117			0	0
seg022_230E	seg022_230E_16F5	16F5	30			0	0
seg022_230E	AwardKillEXP_seg022_1725	1725	88			0	0
seg023	RemoveDoorLock_seg023_D	D	8E	remove_lock	kin-near	0	0
seg023	RemoveObjectFromTile_seg023_9B	9B	3B	try_remove	kin-same	0	0
seg023	DamageObject_Debris_seg023_D6	D6	229			0	0
seg023	ScaleDamageAgainstObject_seg023_2FF	2FF	5B			0	0
seg023	DamageObject_seg023_35A	35A	8D	damage_item	kin-same	0	0
seg023	DamageObjectAndDoors_seg023_3E7	3E7	168	damage_object	kin-near	0	0
seg024_24DC	SwitchInventoryAndStatsEvent_seg024_F	F	23	pull_chain	kin-same	0	0
seg024_24DC	PrintCompassStatusMessage_seg024_32	32	DD			0	0
seg024_24DC	PrintFlaskHealthManaMessage_seg024_10F	10F	160			0	0
seg024_24DC	seg024_24DC_26F	26F	A2			0	0
seg024_24DC	seg024_24DC_311	311	3C	clear_gameinp	kin-near	0	0
seg024_24DC	seg024_24DC_34D	34D	44			0	0
seg024_24DC	seg024_24DC_391	391	13	clear_gamedisp	kin-near	0	0
seg024_24DC	PlayerUpdateTick_seg024_24DC_3A4	3A4	162			0	0
seg024_24DC	seg024_24DC_506	506	25	RedispInv	kin-same	0	0
seg024_24DC	seg024_24DC_52B	52B	132	InPickRange	kin-near	0	0
seg024_24DC	seg024_24DC_65D	65D	5B	BridgeHeight	kin-same	0	0
seg024_24DC	seg024_24DC_6B8	6B8	212	BlockingTerrain	kin-near	0	0
seg024_24DC	seg024_24DC_8CA	8CA	106			0	0
seg024_24DC	LookAtTexture_seg024_9D0	9D0	7E			0	0
seg024_24DC	seg024_24DC_A4E	A4E	50	release_3d	kin-same	0	0
seg024_24DC	Pickup_seg024_A9E	A9E	24E			0	0
seg024_24DC	TalkTo_seg024_24DC_CEC	CEC	1E	player_3dtalk	kin-same	0	0
seg024_24DC	seg024_24DC_D0A	D0A	16			0	0
seg024_24DC	Look_seg024_24DC_D20	D20	11F	player_3dlook	kin-near	0	0
seg024_24DC	Use_seg024_24DC_E3F	E3F	7A	player_3duse	kin-near	0	0
seg024_24DC	Combat_seg024_24DC_EB9	EB9	46	player_3dattack	kin-same	0	0
seg024_24DC	ClickOnObject_seg024_24DC_EFF	EFF	19C			0	0
seg024_24DC	seg024_24DC_109B	109B	123	inv_look	kin-near	0	0
seg024_24DC	seg024_24DC_11BE	11BE	41			0	0
seg024_24DC	seg024_24DC_11FF	11FF	14A			0	0
seg024_24DC	seg024_24DC_1349	1349	46			0	0
seg024_24DC	seg024_24DC_138F	138F	46			0	0
seg024_24DC	SetInteractionMode_seg024_24DC_13D5	13D5	15C			0	0
seg024_24DC	DrawWeapon_seg024_1531	1531	8F			0	0
seg024_24DC	PutAwayWeapon_seg024_15C0	15C0	48			0	0
seg024_24DC	ToggleWeapon_seg024_1608	1608	1F			0	0
seg024_24DC	seg024_24DC_1627	1627	39			0	0
seg024_24DC	seg024_24DC_1660	1660	1D	check_rest	kin-same	0	0
seg025	InitPlayerProjectilesValues_seg025_D	D	92			0	0
seg025	MissileRelease_seg025_9F	9F	1C3			0	0
seg025	NPCMissileLaunch_seg025_262	262	4F			0	0
seg025	ProjectileSpell_seg025_2B1	2B1	A4			0	0
seg025	DropOrThrowByPlayer_seg025_355	355	3E7	ReturnObject	kin-near	0	0
seg025	seg025_73C	73C	55			0	0
seg025	PrepareProjectileObject_seg025_791	791	3C0	missile_fire	kin-near	0	0
seg025	seg025_B51	B51	1E3	push_missile	kin-near	0	0
seg026	seg026_4	4	1A1	GetHgt	kin-near	0	0
seg026	seg026_1A5	1A5	68	GetSlopeHgt	kin-near	0	0
seg026	seg026_20D	20D	B7	SolvePnt	kin-near	0	0
seg026	seg026_2C4	2C4	B5	SolveCenter	kin-near	0	0
seg026	ProcessMotionTileHeights_seg026_379	379	47D	TerrainCheck	kin-near	0	0
seg026	seg026_7F6	7F6	26A	ComputeHeading	kin-near	0	0
seg026	CreateColllisionRecord_seg026_A60	A60	196	obj_coll_check	kin-near	0	0
seg026	ScanForCollisions_seg026_BF6	BF6	264	ObjectCheck	kin-near	0	0
seg026	SwapCollisionRecord_seg026_E5A	E5A	65	oCswap	kin-near	0	0
seg026	SortCollisions_seg026_EBF	EBF	149	process_objlist	kin-same	0	0
seg026	CheckIfItemFitsInTile_seg026_1008	1008	223	can_place	kin-near	0	0
seg026	MoveObjectToCoordinates_seg026_122B	122B	BA	put_at	kin-near	0	0
seg026	PlaceObjectAtNPC_seg026_12E5	12E5	5A	near_mob_put_at	kin-same	0	0
seg026	InsertObjectToList_seg026_133F	133F	17C	drop_around_place	kin-same	0	0
seg027_2861	ClearTileMap_seg027_2861_B	B	10C	Map_ObjFix	kin-near	0	0
seg027_2861	RunCodeOnObjectChain_seg027_117	117	8F			0	0
seg027_2861	ObjectCullingTest_seg027_2861_1A6	1A6	80	chkTenacious	kin-same	0	0
seg027_2861	ObjectCulling_seg027_2861_226	226	C3	Obj_Elem_Fate	kin-near	0	0
seg027_2861	seg027_2861_2E9	2E9	40	Obj_Fate	kin-same	0	0
seg027_2861	CullObjects_seg027_2861_329	329	11D	Obj_GarbageCollect	kin-same	0	0
seg027_2861	GetFreeObject_seg027_446	446	97	Obj_Alloc	kin-same	0	0
seg027_2861	AddToFreeObjectsList_seg027_4DD	4DD	84	Obj_Free	kin-same	0	0
seg027_2861	InsertObjectToList_seg027_561	561	6E	Obj_Add	kin-same	0	0
seg027_2861	InsertObjectToList_seg027_2861_5CF	5CF	8A	Obj_AddEnd	kin-same	0	0
seg027_2861	RemoveObjectFromLinkedList_seg027_659	659	84			0	0
seg027_2861	RemoveObject_seg027_2861_6DD	6DD	95	Obj_Punt	kin-same	0	0
seg027_2861	ClearObjectChain_seg027_772	772	BF			0	0
seg027_2861	RemoveFromObjectChain_seg027_2861_831	831	5C	Obj_FreeLinkChain	kin-near	0	0
seg027_2861	GetNextOrLinkedObject_seg027_2861_88D	88D	69	Obj_PtrTMem	kin-same	0	0
seg027_2861	ReverseObjectLookup_seg027_8F6	8F6	4A	Obj_MemTPtr	kin-same	0	0
seg027_2861	LookupObjectByIndex_seg027_940	940	41	Obj_IntTMem	kin-same	0	0
seg027_2861	seg027_2861_981	981	D1	Obj_Find	kin-near	0	0
seg027_2861	TestIfStaticOrMobile_seg027_A52	A52	1E	IsMobElem	kin-same	0	0
seg027_2861	seg027_2861_A70	A70	13	active_critter	kin-same	0	0
seg027_2861	seg027_2861_A83	A83	B3			0	0
seg027_2861	FindMatchingObject_seg027_B36	B36	100	Obj_InList	kin-same	0	0
seg027_2861	CheckIfItemID_Or_ContainsItemID_seg027_C36	C36	69	HasOrIsObj	kin-same	0	0
seg027_2861	Find_ItemID_In_TileMap_seg027_C9F	C9F	A5	Obj_FindInMap	kin-same	0	0
seg027_2861	seg027_2861_D44	D44	E9	flog_list	kin-near	0	0
seg027_2861	seg027_2861_E2D	E2D	CC	count_list	kin-near	0	0
seg027_2861	seg027_2861_EF9	EF9	5E			0	0
seg027_2861	seg027_2861_F57	F57	18D	Obj_ListOkay	kin-near	0	0
seg027_2861	seg027_2861_10E4	10E4	168			0	0
seg028_2985	CancelActiveSpell_seg028_C	C	131	dispel_spell	kin-near	0	0
seg028_2985	PlayerUpdates_seg028_2985_13D	13D	279			0	0
seg028_2985	UpdateInventoryLightSources_seg028_2985_3B6	3B6	F8	DegradeLights	kin-near	0	0
seg028_2985	SwimSkillCheck_seg028_4AE	4AE	DB	sink_sink_sink	kin-near	0	0
seg028_2985	PlayerStatusEffectSpells_seg028_589	589	10A			0	0
seg029_29EE	seg029_29EE_3	3	AA	bounce_obj	kin-same	0	0
seg029_29EE	seg029_29EE_AD	AD	C6			0	0
seg029_29EE	CollideObjects_seg029_29EE_173	173	259	do_objhit	kin-near	0	0
seg029_29EE	InitMotionParams_seg029_29EE_3CC	3CC	24E	get_phys_data	kin-near	0	0
seg029_29EE	ApplyProjectileMotion_seg029_29EE_61A	61A	405			0	0
seg029_29EE	seg029_29EE_A1F	A1F	11B	static_to_mob	kin-same	0	0
seg029_29EE	seg029_29EE_B3A	B3A	135	mob_init	kin-same	0	0
seg029_29EE	ObjectHitsFloorTileDestroyTalismans_seg029_C6F	C6F	39C			0	0
seg029_29EE	seg029_29EE_100B	100B	42	update_hack_vecs	kin-same	0	0
seg029_29EE	PlacedObjectCollison_seg029_104D	104D	33E	obj_deal	kin-near	0	0
seg030_2B26	CalculateMotion_seg030_B	B	86			0	0
seg030_2B26	seg030_2B26_91	91	7B	space_to_pos	kin-near	0	0
seg030_2B26	SetCollisionTarget_seg030_2B26_10C	10C	304	set_targz	kin-near	0	0
seg030_2B26	InitalMotionCalc_seg030_410	410	378	space_to_motion	kin-same	0	0
seg030_2B26	seg030_2B26_788	788	35	recalc_vecs	kin-same	0	0
seg030_2B26	seg030_2B26_7BD	7BD	41	stop_me	kin-same	0	0
seg030_2B26	StoreNewXYZH_seg030_2B26_7FE	7FE	A6	back_to_space	kin-same	0	0
seg030_2B26	LikelyTranslateXY_seg030_8A4	8A4	1A3	flat_move	kin-near	0	0
seg030_2B26	seg030_2B26_A47	A47	198			0	0
seg030_2B26	seg030_2B26_BDF	BDF	6A	do_2dbounce	kin-same	0	0
seg030_2B26	seg030_2B26_C49	C49	4A			0	0
seg030_2B26	DoCollision_seg030_2B26_C93	C93	34C			0	0
seg030_2B26	MAYBEGRAVITYZ_seg030_FDF	FDF	180	full_move	kin-same	0	0
seg030_2B26	ProcessCollisions_seg030_115F	115F	93	grid_move	kin-same	0	0
seg030_2B26	seg030_2B26_11F2	11F2	67	set_resterr	kin-same	0	0
seg030_2B26	GetCollisionHeightState_seg030_2B26_1259	1259	3E7	get_pcoll	kin-near	0	0
seg030_2B26	DoTileCollisionMaybe_seg030_2B26_1640	1640	CC	check_positions	kin-same	0	0
seg030_2B26	seg030_2B26_170C	170C	E9	IsaDoor	kin-near	0	0
seg030_2B26	seg030_2B26_17F5	17F5	28	CollObject	kin-near	0	0
seg031	seg031_D	D	8C	place_3d_view	kin-same	0	0
seg031	seg031_99	99	F0	set_cyb	kin-near	0	0
seg031	seg031_189	189	73			0	0
seg031	seg031_1FC	1FC	4A	init_3d	kin-near	0	0
seg031	seg031_246	246	13	reset_db	kin-same	0	0
seg031	seg031_259	259	4D	send_db	kin-same	0	0
seg031	seg031_2A6	2A6	53	do_3d_grab	kin-same	0	0
seg031	seg031_2F9	2F9	58	render_FB	kin-same	0	0
seg031	renderrelated_seg031_351	351	45	establish_view	kin-same	0	0
seg031	PositionCamera_seg031_396	396	115	setup_vars	kin-near	0	0
seg031	SomethingToDoWithShadeCalcs_seg031_4AB	4AB	109	preset_grid	kin-near	0	0
seg031	seg031_5B4	5B4	CB	init_grid	kin-near	0	0
seg031	seg031_67F	67F	26	incvec	kin-same	0	0
seg031	seg031_6A5	6A5	26	decvec	kin-same	0	0
seg031	seg031_6CB	6CB	426	enc_n_chk	kin-same	0	0
seg031	seg031_AF1	AF1	1A8	newdels	kin-same	0	0
seg031	seg031_C99	C99	377	move_to_next	kin-same	0	0
seg031	seg031_1010	1010	14E	fill_the_grid	kin-near	0	0
seg031	seg031_115E	115E	BC	build_grid	kin-near	0	0
seg031	seg031_121A	121A	1A	do_2dclip	kin-near	0	0
seg032_2DCA	RenderingObjects_seg032_2DCA_5	5	592			0	0
seg032_2DCA	seg032_2DCA_597	597	6BF			0	0
seg032_2DCA	RenderDoor_seg032_2DCA_C56	C56	5FB	do_door	kin-near	0	0
seg033_2EEF	seg033_2EEF_9	9	E4			0	0
seg033_2EEF	seg033_2EEF_ED	ED	56	sort_obj	kin-same	0	0
seg033_2EEF	seg033_2EEF_143	143	1B	build_sort	kin-same	0	0
seg033_2EEF	seg033_2EEF_15E	15E	D5	do_partition	kin-same	0	0
seg033_2EEF	seg033_2EEF_233	233	4E			0	0
seg033_2EEF	seg033_2EEF_281	281	A8	door_part	kin-same	0	0
seg033_2EEF	seg033_2EEF_329	329	A4	set_sds	kin-same	0	0
seg033_2EEF	seg033_2EEF_3CD	3CD	39	set_osum	kin-same	0	0
seg033_2EEF	seg033_2EEF_406	406	35	clear_objsort	kin-same	0	0
seg033_2EEF	seg033_2EEF_43B	43B	562	do_objsort	kin-near	0	0
seg034_2F89	seg034_2F89_0	0	4E	player_mous_move	kin-same	0	0
seg034_2F89	seg034_2F89_4E	4E	18C	parse_playin	kin-near	0	0
seg034_2F89	seg034_2F89_1DA	1DA	15A	do_player_keyboard	kin-same	0	0
seg034_2F89	seg034_2F89_334	334	D2	player_simple_move	kin-near	0	0
seg034_2F89	seg034_2F89_406	406	112	check_physics	kin-near	0	0
seg034_2F89	GameObjectLoop_seg034_2F89_518	518	AC	move_physics	kin-near	0	0
seg034_2F89	seg034_2F89_5C4	5C4	40	finish_player	kin-same	0	0
seg034_2F89	PlayerMotion_seg034_2F89_604	604	10F	move_player	kin-near	0	0
seg034_2F89	SurfaceFootsteps_seg034_2F89_713	713	185			0	0
seg034_2F89	ApplyPlayerSneakScore_seg034_2F89_898	898	A5	set_sound	kin-near	0	0
seg034_2F89	WalkOnSurfaceTypes_seg034_93D	93D	22D			0	0
seg034_2F89	SetScreenShake_seg034_2F89_B6A	B6A	2F			0	0
seg034_2F89	PositionCameraAtObject_seg034_2F89_B99	B99	310	get_eye	kin-same	0	0
seg035_3073	GetTile_seg035_9	9	35	Map_GetAddr	kin-same	0	0
seg035_3073	PrepareNewObjectProps_seg035_3E	3E	110	CreateObj	kin-near	0	0
seg036_3087	seg036_3087_E	E	A5	set_flask	kin-near	0	0
seg036_3087	seg036_3087_B3	B3	54			0	0
seg036_3087	seg036_3087_107	107	67			0	0
seg036_3087	seg036_3087_16E	16E	24F			0	0
seg036_3087	seg036_3087_3BD	3BD	18	hold_scrgr	kin-same	0	0
seg036_3087	seg036_3087_3D5	3D5	A			0	0
seg036_3087	UpdateUIAnim_seg036_3087_3DF	3DF	1C6			0	0
seg036_3087	seg036_3087_5A5	5A5	147	update_screen	kin-near	0	0
seg036_3087	ProbablyDrawFlask_seg036_6EC	6EC	334	adjust_flasks	kin-near	0	0
seg036_3087	Dragons_seg036_3087_A20	A20	660			0	0
seg036_3087	seg036_3087_1080	1080	8D	adjust_compass	kin-near	0	0
seg036_3087	seg036_3087_110D	110D	A6			0	0
seg036_3087	seg036_3087_11B3	11B3	54			0	0
seg036_3087	seg036_3087_1207	1207	140			0	0
seg036_3087	seg036_3087_1347	1347	25	load_weapon	kin-same	0	0
seg036_3087	seg036_3087_136C	136C	15C			0	0
seg036_3087	seg036_3087_14C8	14C8	61	jiggle_weapon	kin-near	0	0
seg036_3087	seg036_3087_1529	1529	19C			0	0
seg036_3087	seg036_3087_16C5	16C5	AD	load_weapcm	kin-near	0	0
seg036_3087	seg036_3087_1772	1772	A9	set_runes	kin-near	0	0
seg036_3087	seg036_3087_181B	181B	B6	active_spells	kin-near	0	0
seg036_3087	seg036_3087_18D1	18D1	154			0	0
seg036_3087	RedrawPanel_seg036_1A25	1A25	7B			0	0
seg036_3087	seg036_3087_1AA0	1AA0	35			0	0
seg036_3087	seg036_3087_1AD5	1AD5	666			0	0
seg036_3087	seg036_3087_213B	213B	1D4			0	0
seg036_3087	seg036_3087_230F	230F	14E			0	0
seg036_3087	seg036_3087_245D	245D	15D			0	0
seg036_3087	seg036_3087_25BA	25BA	15	send_FB	kin-same	0	0
seg036_3087	seg036_3087_25CF	25CF	14			0	0
seg036_3087	seg036_3087_25E3	25E3	19			0	0
seg037_32E6	SkillCheck_seg037_32E6_C	C	3C	skill_check	kin-same	0	0
seg037_32E6	EXPChange_seg037_48	48	171			0	0
seg037_32E6	RefreshPanels_seg037_32E6_1B9	1B9	5B			0	0
seg038_3307	GetNoMagicTileBit_seg038_4	4	23	anti_magic_p	kin-same	0	0
seg038_3307	SpellTrapWandCast_seg038_27	27	51			0	0
seg038_3307	CastSpells_seg038_3307_78	78	23E			0	0
seg038_3307	ManaChange_seg038_2B6	2B6	6C			0	0
seg038_3307	PlayerHPRegenerationChange_seg038_3307_322	322	98	restore_hp	kin-same	0	0
seg038_3307	Change_Health_seg038_3BA	3BA	72	get_hp_back	kin-same	0	0
seg038_3307	seg038_3307_42C	42C	47	healing	kin-same	0	0
seg038_3307	MajorSpellClass9_CursedObjects_seg038_473	473	7B	backfire	kin-near	0	0
seg038_3307	Class5ProjectileSpells_seg038_4EE	4EE	76			0	0
seg038_3307	CreateObjectInTile_seg038_3307_564	564	5F	build_new_obj	kin-same	0	0
seg038_3307	RevealSpell_seg038_5C3	5C3	AB	sp_true_sight	kin-near	0	0
seg038_3307	SheetLightning_seg038_66E	66E	8D	sp_sheet_light	kin-near	0	0
seg038_3307	FlameWind_seg038_3307_6FB	6FB	EF			0	0
seg038_3307	SmiteUndead_seg038_3307_7EA	7EA	4A			0	0
seg038_3307	Poison_seg038_3307_834	834	55			0	0
seg038_3307	ApplyAttitudeChangingSpellToNPC_seg038_3307_889	889	6F			0	0
seg038_3307	Ally_seg038_3307_8F8	8F8	7B			0	0
seg038_3307	Confusion_seg038_973	973	1C			0	0
seg038_3307	CauseFear_seg038_3307_98F	98F	1C			0	0
seg038_3307	Paralyse_seg038_3307_9AB	9AB	1C			0	0
seg038_3307	RunCodeOnObjectsInArea_seg038_3307_9C7	9C7	2B0	process_area	kin-near	0	0
seg038_3307	RunCodeOnTargetsAroundObject_seg038_C77	C77	D7	gronk_area	kin-same	0	0
seg038_3307	RunFunctionOnWhoAmIList_seg038_3307_D4E	D4E	6C	gronk_whoami	kin-near	0	0
seg038_3307	Class6Spells_seg038_3307_DBA	DBA	46			0	0
seg038_3307	Class7Spells_seg038_3307_E00	E00	45			0	0
seg038_3307	Class8Spells_seg038_E45	E45	3CC			0	0
seg038_3307	QuakeSpell_seg038_3307_1211	1211	EC			0	0
seg038_3307	DetectMonsterString_seg038_3307_12FD	12FD	51	print_monster	kin-near	0	0
seg038_3307	DetectMonster_seg038_134E	134E	212			0	0
seg038_3307	DoorAndTrapSpells_seg038_3307_1560	1560	E5			0	0
seg038_3307	MajorSpellClassB_seg038_1645	1645	1E5			0	0
seg038_3307	DamageObjectsInTile_seg038_3307_182A	182A	B9	damage_square	kin-near	0	0
seg039_3495	seg039_3495_3	3	80	init_strings	kin-near	0	0
seg039_3495	seg039_3495_83	83	A			0	0
seg039_3495	GetStringByID_seg039_3495_8D	8D	89	get_string	kin-near	0	0
seg039_3495	seg039_3495_116	116	104	make_string	kin-near	0	0
seg039_3495	seg039_3495_21A	21A	7B	replace_string	kin-near	0	0
seg039_3495	seg039_3495_295	295	91	clear_dynamics	kin-near	0	0
seg039_3495	GetItemName_seg039_326	326	B8	get_name	kin-near	0	0
seg039_3495	seg039_3495_3DE	3DE	B6	fix_name_string	kin-near	0	0
seg039_3495	WriteStringFromBlock1_seg039_3495_494	494	29	game_sprint	kin-same	0	0
seg039_3495	PrintMultipleBlock1Strings_seg039_4BD	4BD	7A	game_strings_3	kin-same	0	0
seg039_3495	seg039_3495_537	537	AD			0	0
seg039_3495	seg039_3495_5E4	5E4	20			0	0
seg039_3495	GetString_seg039_604	604	180	read_string	kin-near	0	0
seg039_3495	seg039_3495_784	784	31			0	0
seg039_3495	seg039_3495_7B5	7B5	62			0	0
seg039_3495	seg039_3495_817	817	43	seg039_3452_814	kin-same	0	0
seg039_3495	seg039_3495_85A	85A	43			0	0
seg039_3495	seg039_3495_89D	89D	71			0	0
seg039_3495	AppendString_seg039_90E	90E	53	str_cat	kin-near	0	0
seg040_352B	ObjectUse_seg040_352B_2	2	352			0	0
seg040_352B	ClearObject_seg040_354	354	E4			0	0
seg040_352B	SpawnObjectInHand_seg040_438	438	60	place_new	kin-same	0	0
seg040_352B	PickLock_seg040_498	498	85			0	0
seg040_352B	UseKey_seg040_51D	51D	58	UseKeyOn	kin-near	0	0
seg040_352B	KeyLockpickUsage_seg040_575	575	45			0	0
seg040_352B	UseObjectWithPrompt_seg040_5BA	5BA	A8	UseThing	kin-near	0	0
seg040_352B	SpikeDoor_seg040_662	662	97			0	0
seg040_352B	SpikeDoor_seg040_352B_6F9	6F9	20			0	0
seg040_352B	UseBones_seg040_719	719	169			0	0
seg040_352B	UsePole_seg040_882	882	4D			0	0
seg040_352B	ItemRepair_seg040_352B_8CF	8CF	4A	UseAnvilOn	kin-near	0	0
seg040_352B	seg040_352B_919	919	D1			0	0
seg040_352B	seg040_352B_9EA	9EA	28			0	0
seg040_352B	TybalsOrb_seg040_A12	A12	ED			0	0
seg040_352B	seg040_352B_AFF	AFF	85			0	0
seg040_352B	Major_4_Minor_1_ObjectUsage_seg040_B84	B84	102			0	0
seg040_352B	LightUsage_seg040_C86	C86	19B	UseLight	kin-near	0	0
seg040_352B	WandUsage_seg040_E21	E21	ED	UseWand	kin-near	0	0
seg040_352B	Eat_seg040_F0E	F0E	490			0	0
seg040_352B	RockHammerUsage_seg040_139E	139E	1E2			0	0
seg040_352B	OilUsage_seg040_1580	1580	144			0	0
seg040_352B	Class_4_2_ObjectUsage_seg040_352B_16C4	16C4	2E4			0	0
seg040_352B	UseReadable_seg040_352B_19A8	19A8	18D			0	0
seg040_352B	seg040_352B_1B35	1B35	206			0	0
seg040_352B	UnlockDoor_seg040_352B_1D3B	1D3B	1C9			0	0
seg040_352B	CastSpellFromObject_seg040_1F04	1F04	F2	checkSpell	kin-near	0	0
seg040_352B	TriggerObjectLink_seg040_1FF6	1FF6	D7			0	0
seg040_352B	seg040_352B_20CD	20CD	61	moveDoor	kin-same	0	0
seg040_352B	seg040_352B_212E	212E	B8			0	0
seg040_352B	OpenDoor_seg040_352B_21E6	21E6	117	OpenDoor	kin-near	0	0
seg040_352B	CloseDoor_seg040_352B_22FD	22FD	BA			0	0
seg040_352B	DoorToggle_seg040_352B_23B7	23B7	35			0	0
seg040_352B	EmptyContainer_seg040_352B_23EC	23EC	A8			0	0
seg040_352B	UseDoorOrContainer_seg040_352B_2494	2494	B7			0	0
seg040_352B	seg040_352B_254B	254B	31	BlastFunction	kin-same	0	0
seg040_352B	GetItemEnchantment_seg040_352B_257C	257C	174	decode_obj_spell	kin-near	0	0
seg040_352B	seg040_352B_26F0	26F0	33	remove_spell	kin-same	0	0
seg040_352B	MagicChargeUpdate_seg040_352B_2723	2723	CE			0	0
seg041_37AA	seg041_37AA_2	2	4B	mvcheck	kin-same	0	0
seg041_37AA	GetCoordinateInDirection_seg041_4D	4D	9B	move_along	kin-same	0	0
seg041_37AA	EndMantra_seg041_E8	E8	36			0	0
seg041_37AA	DiceRoll_seg041_11E	11E	46	rollem	kin-near	0	0
seg042	seg042_5	5	E0			0	0
seg042	seg042_E5	E5	33			0	0
seg042	seg042_118	118	78			0	0
seg042	seg042_190	190	B			0	0
seg042	seg042_19B	19B	26			0	0
seg042	seg042_1C1	1C1	62			0	0
seg042	seg042_223	223	53			0	0
seg042	seg042_276	276	8F	release_workspace	kin-near	0	0
seg043_37F0	seg043_37F0_6	6	29			0	0
seg043_37F0	seg043_37F0_2F	2F	1F	set_mouse_in	kin-same	0	0
seg043_37F0	seg043_37F0_4E	4E	16			0	0
seg043_37F0	seg043_37F0_64	64	16			0	0
seg043_37F0	seg043_37F0_7A	7A	16			0	0
seg043_37F0	seg043_37F0_90	90	8E	scroll_wait	kin-near	0	0
seg043_37F0	seg043_37F0_11E	11E	45			0	0
seg043_37F0	seg043_37F0_163	163	67			0	0
seg043_37F0	seg043_37F0_1CA	1CA	8D	scroll_up	kin-near	0	0
seg043_37F0	WriteTextWithMore_seg043_37F0_257	257	93	scroll_more	kin-near	0	0
seg043_37F0	WriteMultipleStringsToMessageScroll_seg043_37F0_2EA	2EA	130	scroll_print	kin-near	0	0
seg043_37F0	seg043_37F0_41A	41A	52	scroll_print1	kin-same	0	0
seg043_37F0	seg043_37F0_46C	46C	53	scroll_print2	kin-same	0	0
seg043_37F0	seg043_37F0_4BF	4BF	1EA			0	0
seg043_37F0	seg043_37F0_6A9	6A9	F8			0	0
seg043_37F0	seg043_37F0_7A1	7A1	14A	seg043_3619_669	kin-near	0	0
seg043_37F0	seg043_37F0_8EB	8EB	90			0	0
seg043_37F0	seg043_37F0_97B	97B	76	wd_replace	kin-near	0	0
seg043_37F0	seg043_37F0_9F1	9F1	6D			0	0
seg043_37F0	ProcessTypedInput_seg043_37F0_A5E	A5E	4F3	wdialog	kin-near	0	0
seg043_37F0	AskAYesNoQuestion_seg043_F51	F51	F3	wyorn	kin-near	0	0
seg044	seg044_4	4	7A	rem_anim_from_map	kin-near	0	0
seg044	seg044_7E	7E	6B	rem_anim_from_list	kin-near	0	0
seg044	seg044_E9	E9	2C5			0	0
seg044	MoveAnimationOverlayLink_seg044_3AE	3AE	70	Change_AnimPtr	kin-same	0	0
seg044	ProbablyCreateAnimo_seg044_41E	41E	11E	add_animobj	kin-near	0	0
seg044	seg044_53C	53C	1BD	do_animobj	kin-near	0	0
seg044	seg044_6F9	6F9	9B			0	0
seg044	SpawnMultipleAnimoCopies_seg044_794	794	1C6	fireball_effect	kin-near	0	0
seg044	DetonateProjectile_seg044_95A	95A	D9			0	0
seg044	SpawnClass7Object_seg044_A33	A33	27D			0	0
seg044	seg044_CB0	CB0	4C	find_anim	kin-same	0	0
seg044	seg044_CFC	CFC	2C	get_animlen	kin-same	0	0
seg044	seg044_D28	D28	28	set_animlen	kin-same	0	0
seg044	seg044_D50	D50	1A3	check_door	kin-near	0	0
seg044	seg044_EF3	EF3	61			0	0
seg044	seg044_F54	F54	37			0	0
seg045	seg045_B	B	DB			0	0
seg045	seg045_E6	E6	16			0	0
seg045	seg045_FC	FC	F			0	0
seg045	seg045_10B	10B	13	reset_db	kin-same	0	0
seg045	seg045_11E	11E	154			0	0
seg045	seg045_272	272	10A	gr_putlab	kin-near	0	0
seg046	seg046_17	17	125	_OVRINIT	kin-near	0	0
seg046	seg046_13C	13C	73			0	0
seg046	seg046_1AF	1AF	C			0	0
seg046	seg046_1BB	1BB	40			0	0
seg046	seg046_1FB	1FB	5D			0	0
seg046	seg046_258	258	26			0	0
seg046	seg046_27E	27E	10			0	0
seg046	seg046_28E	28E	80	_InitModules	kin-near	0	0
seg046	seg046_30E	30E	CD			0	0
seg046	seg046_3DB	3DB	39	ReadFromFilePosition_seg046_3D4	kin-same	0	0
seg046	seg046_414	414	45			0	0
seg046	seg046_459	459	F4			0	0
seg046	seg046_54D	54D	4A			0	0
seg046	seg046_597	597	7B			0	0
seg046	seg046_612	612	18			0	0
seg046	seg046_62A	62A	3B			0	0
seg046	seg046_665	665	21	animobj_load	kin-same	0	0
seg046	seg046_686	686	1E			0	0
seg046	seg046_6A4	6A4	33			0	0
seg046	seg046_6D7	6D7	51			0	0
seg046	seg046_728	728	1E			0	0
seg046	seg046_746	746	C			0	0
seg046	seg046_752	752	26			0	0
seg046	seg046_778	778	1C	animobj_class_data	kin-same	0	0
seg046	seg046_794	794	C			0	0
seg046	seg046_7A0	7A0	13E			0	0
seg046	seg046_8DE	8DE	2E4			0	0
seg046	seg046_BC2	BC2	53			0	0
seg046	seg046_C15	C15	C			0	0
seg046	seg046_C21	C21	A7			0	0
seg046	seg046_CC8	CC8	2F			0	0
seg046	seg046_CF7	CF7	89			0	0
seg046	seg046_D80	D80	B2	_INITEMS	kin-near	0	0
seg046	seg046_E32	E32	8F	_INITEMSPAGE	kin-same	0	0
seg046	seg046_EC1	EC1	1B0	_INITEXT	kin-same	0	0
seg046	seg046_1071	1071	12C			0	0
seg046	seg046_119D	119D	AB	_EXTCOPY	kin-same	0	0
ovr089	ovr089_0	0	17	animobj_load	kin-near	0	0
ovr089	ovr089_17	17	14			0	0
ovr090	ovr090_0	0	5			0	0
ovr090	ovr090_5	5	E			0	0
ovr090	ovr090_13	13	5			0	0
ovr090	ovr090_18	18	5			0	0
ovr090	ovr090_1D	1D	5			0	0
ovr090	ovr090_22	22	5			0	0
ovr090	ovr090_27	27	5			0	0
ovr091	ovr091_0	0	153			0	0
ovr091	ovr091_153	153	D9			0	0
ovr091	ovr091_22C	22C	3EE			0	0
ovr091	ovr091_61A	61A	114			0	0
ovr091	ovr091_72E	72E	6A	count_arc	kin-near	0	0
ovr091	ovr091_798	798	B1			0	0
ovr092	OpenAutomap_ovr092_0	0	97			0	0
ovr092	ovr092_97	97	87			0	0
ovr092	ovr092_11E	11E	30			0	0
ovr092	ovr092_14E	14E	82			0	0
ovr092	ovr092_1D0	1D0	15			0	0
ovr092	ovr092_1E5	1E5	142	ShowDungeonMap	kin-same	0	0
ovr092	ovr092_327	327	F8	ShadeSide	kin-near	0	0
ovr092	ovr092_41F	41F	6C	PixelDarken	kin-same	0	0
ovr092	ovr092_48B	48B	1E4			0	0
ovr092	ovr092_66F	66F	F8	DoDoorTile	kin-same	0	0
ovr092	ovr092_767	767	47	CornerShade_ovr094_9D2	kin-same	0	0
ovr092	ovr092_7AE	7AE	F8	DetermineBetterHit	kin-same	0	0
ovr092	ovr092_8A6	8A6	4DA			0	0
ovr092	ovr092_D80	D80	BC			0	0
ovr092	ovr092_E3C	E3C	CE			0	0
ovr092	ovr092_F0A	F0A	5C			0	0
ovr092	ovr092_F66	F66	182			0	0
ovr092	ovr092_10E8	10E8	54			0	0
ovr092	ovr092_113C	113C	4			0	0
ovr093	ovr093_0	0	31	arc_buffer	kin-near	0	0
ovr093	MaybeAllocateConversationData_ovr093_31	31	1A2	bab_malloc	kin-near	0	0
ovr093	ovr093_1D3	1D3	19A			0	0
ovr093	ovr093_36D	36D	1DD			0	0
ovr093	ovr093_54A	54A	110			0	0
ovr093	ovr093_65A	65A	BB			0	0
ovr093	ovr093_715	715	B2			0	0
ovr093	LoadNPCConversation_ovr093_7C7	7C7	1E9			0	0
ovr093	ovr093_9B0	9B0	48			0	0
ovr093	ovr093_9F8	9F8	55			0	0
ovr093	Random_ovr093_A4D	A4D	8E			0	0
ovr093	ovr093_ADB	ADB	10C			0	0
ovr093	ovr093_BE7	BE7	15A			0	0
ovr093	Compare_ovr093_D41	D41	14D			0	0
ovr093	Plural_ovr093_E8E	E8E	46	babPluralize_ovr095_B95	kin-same	0	0
ovr093	Contains_ovr093_ED4	ED4	12F	StringContains_ovr095_BDB	kin-same	0	0
ovr093	Append_ovr093_1003	1003	BD	babl_str_append_ovr095_D0A	kin-same	0	0
ovr093	Copy_ovr093_10C0	10C0	6F	STRING_COPY_ovr095_DC7	kin-same	0	0
ovr093	Find_ovr093_112F	112F	57	conv_find_ovr095_E36	kin-same	0	0
ovr093	Length_ovr093_1186	1186	25			0	0
ovr093	Val_ovr093_11AB	11AB	25			0	0
ovr093	ConversationTextVariableReplacement_ovr093_11D0	11D0	258	convert_string	kin-near	0	0
ovr093	GetStringReplacementNumberValue_ovr093_1428	1428	103	AtIndex_ovr095_11C0	kin-same	0	0
ovr093	ovr093_152B	152B	1FF	DoReadHeader_ovr095_12C3	kin-near	0	0
ovr093	ovr093_172A	172A	23	DoCopyCode_ovr095_14B1	kin-same	0	0
ovr093	ovr093_174D	174D	21			0	0
ovr093	Conversation_VM_ovr093_176E	176E	3DA	babl_run	kin-near	0	0
ovr093	OPADD_ovr093_1B48	1B48	39	vmAdd_ovr095_18CF	kin-same	0	0
ovr093	OPNEG_ovr093_1B81	1B81	24	babl_neg_ovr095_1908	kin-same	0	0
ovr093	OPMUL_ovr093_1BA5	1BA5	39	MUL_OPCODE_ovr095_192C	kin-same	0	0
ovr093	OPSUB_ovr093_1BDE	1BDE	11E			0	0
ovr093	OPAND_ovr093_1CFC	1CFC	45	babl_and_ovr095_1A83	kin-same	0	0
ovr093	TSTGT_ovr093_1D41	1D41	42	VM_GT_ovr095_1AC8	kin-same	0	0
ovr093	TSTGE_ovr093_1D83	1D83	42	vmTstge_ovr095_1B0A	kin-same	0	0
ovr093	TSTLT_ovr093_1DC5	1DC5	42	vmTstlt_ovr095_1B4C	kin-same	0	0
ovr093	TSTLE_ovr093_1E07	1E07	42	VmTstle_ovr095_1B8E	kin-same	0	0
ovr093	TSTEQ_ovr093_1E49	1E49	42	ExecTsteq_ovr095_1BD0	kin-same	0	0
ovr093	TSTNE_ovr093_1E8B	1E8B	42	opcode_tstne_ovr095_1C12	kin-same	0	0
ovr093	CALL_ovr093_1ECD	1ECD	2E	babl_call_ovr095_1C54	kin-same	0	0
ovr093	RET_ovr093_1EFB	1EFB	28	bab_ret_ovr095_1C82	kin-same	0	0
ovr093	FETCHM_ovr093_1F23	1F23	2D	exec_fetchm_ovr095_1CAA	kin-same	0	0
ovr093	OFFSET_ovr093_1F50	1F50	3A	vmOffset_ovr095_1CD7	kin-same	0	0
ovr093	STO_ovr093_1F8A	1F8A	33	BABL_STORE_ovr095_1D11	kin-same	0	0
ovr093	CallImportedFunction_ovr093_1FBD	1FBD	7D	talk_calli_ovr095_1D44	kin-same	0	0
ovr093	STRCMP_ovr093_203A	203A	E1	vm_strcmp_ovr095_1DC1	kin-same	0	0
ovr093	SAY_OP_ovr093_211B	211B	A8	vmSay_ovr095_1EA2	kin-near	0	0
ovr093	RESPOND_OP_ovr093_21C3	21C3	A8	vmSay_ovr095_1EA2	kin-near	0	0
ovr093	ovr093_226B	226B	15	getmem_addr	kin-same	0	0
ovr093	GetConvoStackValue_ovr093_2280	2280	13	getmem	kin-same	0	0
ovr093	ovr093_2293	2293	16	babl_setmem	kin-same	0	0
ovr093	GetValueAtBasePTRPlusArg0_ovr093_22A9	22A9	16	conv_local_ovr095_2030	kin-same	0	0
ovr093	AddImportedFunction_ovr093_22BF	22BF	6E	bab_fun	kin-near	0	0
ovr093	ImportConverstionVariable_ovr093_232D	232D	A7	bab_var	kin-near	0	0
ovr093	RetrieveConversationVariable_ovr093_23D4	23D4	7F	bab_var_out	kin-near	0	0
ovr093	ovr093_2453	2453	C9	bab_var_clear	kin-near	0	0
ovr094	ovr094_0	0	21	set_mob_att	kin-same	0	0
ovr094	set_attitude_ovr094_21	21	3B	set_attitude	kin-near	0	0
ovr094	set_race_attitude_ovr094_5C	5C	177	set_race_attitude	kin-same	0	0
ovr094	x_skills_ovr094_1D3	1D3	63			0	0
ovr094	x_traps_ovr094_236	236	49			0	0
ovr094	place_object_ovr094_27F	27F	1D7	place_object	kin-near	0	0
ovr094	take_from_npc_inv_ovr094_456	456	68	take_from_npc_inv	kin-same	0	0
ovr094	add_to_npc_inv_ovr094_4BE	4BE	34	add_to_npc_inv	kin-same	0	0
ovr094	remove_taker_ovr094_4F2	4F2	4B	remove_talker	kin-same	0	0
ovr094	set_quest_ovr094_53D	53D	7B			0	0
ovr094	GetQuest_ovr094_5B8	5B8	6C			0	0
ovr094	sex_ovr094_624	624	25	sex	kin-near	0	0
ovr094	GronkDoor_ovr094_649	649	101	gronk_door	kin-near	0	0
ovr094	x_obj_stuff_ovr094_74A	74A	2B9	x_obj_stuff	kin-near	0	0
ovr094	x_obj_pos_ovr094_A03	A03	182	x_obj_pos	kin-near	0	0
ovr095	SetupToBarter_ovr095_0	0	1A5	setup_to_barter	kin-near	0	0
ovr095	ovr095_1A5	1A5	21D			0	0
ovr095	end_barter_ovr095_3C2	3C2	CA			0	0
ovr095	ovr095_48C	48C	47			0	0
ovr095	ovr095_4D3	4D3	5C			0	0
ovr095	ovr095_52F	52F	5C			0	0
ovr095	ovr095_58B	58B	6E			0	0
ovr095	ovr095_5F9	5F9	44	conv_inv_special	kin-near	0	0
ovr095	ovr095_63D	63D	46			0	0
ovr095	ovr095_683	683	383	UseTradeSlot_ovr097_6E8	kin-near	0	0
ovr095	ovr095_A06	A06	17A			0	0
ovr095	ovr095_B80	B80	A2	PickUpFromSlot_ovr097_C39	kin-same	0	0
ovr095	ovr095_C22	C22	55			0	0
ovr095	ovr095_C77	C77	153	CombineToSlot_ovr097_D30	kin-same	0	0
ovr095	ovr095_DCA	DCA	A9			0	0
ovr095	do_decline_ovr095_E73	E73	94			0	0
ovr095	ovr095_F07	F07	1D5	RedisplayBarterSlots	kin-near	0	0
ovr095	ovr095_10DC	10DC	33	nothing_there	kin-near	0	0
ovr095	do_offer_ovr095_110F	110F	1AB	do_offer	kin-near	0	0
ovr095	do_demand_ovr095_12BA	12BA	217			0	0
ovr095	do_decline_ovr095_14D1	14D1	D			0	0
ovr095	TradeAppraisal_ovr095_14DE	14DE	169	do_judgement	kin-near	0	0
ovr095	ovr095_1647	1647	6A	total_offering_ovr097_17CB	kin-near	0	0
ovr095	ovr095_16B1	16B1	108			0	0
ovr095	ovr095_17B9	17B9	3E	range	kin-same	0	0
ovr095	GetSelectedPlayerTradeItems_ovr095_17F7	17F7	63	player_barter_items	kin-near	0	0
ovr095	AddObjectToConversationNPCInventory_ovr095_185A	185A	13B	npc_inv_add	kin-near	0	0
ovr095	TransferItemToNPC_ovr095_1995	1995	68	player_barter_give	kin-near	0	0
ovr095	find_inv_ovr095_19FD	19FD	B4	npc_barter_find	kin-same	0	0
ovr095	take_from_npc_ovr095_1AB1	1AB1	191	npc_barter_give	kin-near	0	0
ovr095	take_id_from_npc_ovr095_1C42	1C42	155	npc_barter_give_id	kin-near	0	0
ovr095	ovr095_1D97	1D97	165			0	0
ovr095	ovr095_1EFC	1EFC	7F	npc_inv_delete	kin-near	0	0
ovr095	set_likes_dislikes_ovr095_1F7B	1F7B	32	npc_likes_dislikes	kin-same	0	0
ovr095	ovr095_1FAD	1FAD	107	does_npc_like	kin-near	0	0
ovr096	ovr096_0	0	5			0	0
ovr096	ovr096_5	5	5			0	0
ovr096	ovr096_A	A	8			0	0
ovr096	ovr096_12	12	5			0	0
ovr096	ovr096_17	17	5			0	0
ovr096	ovr096_1C	1C	5			0	0
ovr096	ovr096_21	21	5			0	0
ovr098	InitPlayer_ovr098_0	0	258			0	0
ovr098	ovr098_258	258	EF	set_sklmnu	kin-near	0	0
ovr098	ovr098_347	347	150	show_atts	kin-near	0	0
ovr098	ovr098_497	497	BE	show_skills	kin-same	0	0
ovr098	ovr098_555	555	2D	set_skills	kin-same	0	0
ovr098	ovr098_582	582	D9	roll_stats	kin-near	0	0
ovr098	ovr098_65B	65B	2EF	drawopt	kin-near	0	0
ovr098	ovr098_94A	94A	165			0	0
ovr098	ovr098_AAF	AAF	195	mousopt	kin-same	0	0
ovr098	MaybeShrine_ovr098_C44	C44	323	pickopt	kin-near	0	0
ovr098	ovr098_F67	F67	546	gen_char	kin-near	0	0
ovr098	ovr098_14AD	14AD	22			0	0
ovr098	ovr098_14CF	14CF	3F	move_chrpic	kin-same	0	0
ovr098	ovr098_150E	150E	289			0	0
ovr098	ovr098_1797	1797	1E	create_player	kin-same	0	0
ovr099	ovr099_0	0	16			0	0
ovr099	ovr099_16	16	144			0	0
ovr099	ovr099_15A	15A	1F	CombineObjs	kin-same	0	0
ovr099	ovr099_179	179	39	RemoveAfterCombine	kin-near	0	0
ovr099	RotwormStew_ovr099_1B2	1B2	173			0	0
ovr100	TalkTo_ovr100_0	0	197			0	0
ovr100	ovr100_197	197	22			0	0
ovr100	ovr100_1B9	1B9	28			0	0
ovr100	BeginConversation_ovr100_1E1	1E1	3FC			0	0
ovr100	ovr100_5DD	5DD	26			0	0
ovr100	ovr100_603	603	5			0	0
ovr100	InitConversation_ovr100_608	608	375			0	0
ovr100	ovr100_97D	97D	D0	converse_event_loop	kin-near	0	0
ovr100	babl_menu_ovr100_A4D	A4D	1DF	conv_choice_ovr103_A13	kin-near	0	0
ovr100	babl_fmenu_ovr100_C2C	C2C	224	conv_fmenu_ovr103_BF2	kin-near	0	0
ovr100	ovr100_E50	E50	FC	conv_play_menu	kin-near	0	0
ovr100	Say_ovr100_F4C	F4C	67	npc_say	kin-near	0	0
ovr100	Respond_ovr100_FB3	FB3	53	play_respond	kin-near	0	0
ovr100	ovr100_1006	1006	67	play_say	kin-near	0	0
ovr100	print_ovr100_106D	106D	B7	conv_print	kin-near	0	0
ovr100	pause_ovr100_1124	1124	33			0	0
ovr100	babl_ask_ovr100_1157	1157	8E	getInputText_ovr103_1117	kin-near	0	0
ovr100	shov_inv_ovr100_11E5	11E5	87			0	0
ovr100	find_barter_ovr100_126C	126C	AE			0	0
ovr100	find_barter_total_ovr100_131A	131A	14B	find_barter_total	kin-same	0	0
ovr100	give_to_npc_ovr100_1465	1465	E8			0	0
ovr100	give_ptr_npc_ovr100_154D	154D	D2			0	0
ovr100	do_inv_delete_ovr100_161F	161F	1B			0	0
ovr100	find_inv_ovr100_163A	163A	2B	conv_find_inv	kin-same	0	0
ovr100	take_from_npc_ovr100_1665	1665	1B			0	0
ovr100	take_id_from_npc_ovr100_1680	1680	1B			0	0
ovr100	do_inv_create_ovr100_169B	169B	1B			0	0
ovr100	identify_inv_ovr100_16B6	16B6	1F2	conv_inv_name	kin-near	0	0
ovr100	count_inv_ovr100_18A8	18A8	5C	count_inv	kin-same	0	0
ovr100	check_inv_quality_ovr100_1904	1904	36	check_inv_quality	kin-same	0	0
ovr100	set_inv_quality_ovr100_193A	193A	37			0	0
ovr101	ovr101_0	0	17	creature_init	kin-near	0	0
ovr101	ovr101_17	17	17	creature_init	kin-near	0	0
ovr101	ovr101_2E	2E	30	creature_class_data	kin-near	0	0
ovr101	ovr101_5E	5E	2D2			0	0
ovr103	ImportConversationVariables_ovr103_0	0	492			0	0
ovr103	RetrieveImportedVariablesAfterConversation_ovr103_492	492	1F1			0	0
ovr104	SetGoalAndGtarg_ovr104_0	0	3E	change_critter_goal	kin-same	0	0
ovr104	ovr104_3E	3E	7D	yearly_checkup	kin-same	0	0
ovr104	ovr104_BB	BB	5A	set_gridx_and_y_based_on_tile_type	kin-same	0	0
ovr104	CalmNPCS_ovr104_115	115	2F8	up_crit	kin-near	0	0
ovr104	CalmMobileObjects_ovr104_40D	40D	129	up_mob	kin-near	0	0
ovr104	ResetMobileObjects_ovr104_536	536	148	update_all_critters_whilst_player_snoozes	kin-near	0	0
ovr104	ovr104_67E	67E	73	check_for_hostile_creature	kin-near	0	0
ovr104	CheckNearbyNPCHunger_ovr104_6F1	6F1	2B			0	0
ovr104	ovr104_71C	71C	464	wander_that_monster	kin-near	0	0
ovr104	UpdateNearByNPCMovements_ovr104_B80	B80	2B			0	0
ovr104	LoadCombatState_ovr104_BAB	BAB	34			0	0
ovr104	SaveCombatState_ovr104_BDF	BDF	44			0	0
ovr104	ovr104_C23	C23	14			0	0
ovr104	AngerNPCByIllegalAction_ovr104_C37	C37	215	critter_get_told	kin-near	0	0
ovr104	ovr104_E4C	E4C	94			0	0
ovr105	ovr105_0	0	10	get_cuts_ems	kin-same	0	0
ovr105	ovr105_10	10	44	set_cuts_ems	kin-same	0	0
ovr105	ovr105_54	54	A			0	0
ovr105	ovr105_5E	5E	3C	makeFourChars_ovr108_671	kin-same	0	0
ovr105	ovr105_9A	9A	A3	build_lptab	kin-near	0	0
ovr105	ovr105_13D	13D	67	read_anmhdr	kin-near	0	0
ovr105	ovr105_1A4	1A4	48			0	0
ovr105	ovr105_1EC	1EC	89			0	0
ovr105	ovr105_275	275	6C	conv_anmpal	kin-same	0	0
ovr105	ovr105_2E1	2E1	CA	anm_cycle	kin-same	0	0
ovr105	ovr105_3AB	3AB	B			0	0
ovr105	CutsceneDisplayString_ovr105_3B6	3B6	200	cutsop_txt	kin-near	0	0
ovr105	Cutscene_1_SetFlag_ovr105_5B6	5B6	F	cutsop_erase	kin-same	0	0
ovr105	CutsceneNOP_ovr105_5C5	5C5	8			0	0
ovr105	Cutscene_3_Pause_ovr105_5CD	5CD	2D			0	0
ovr105	Cutscene_14_Wait_ovr105_5FA	5FA	47			0	0
ovr105	Cutscene4_PlayToFrame_ovr105_641	641	41			0	0
ovr105	Cutscene5_UNK_ovr105_682	682	F			0	0
ovr105	Cutscene_End_ovr105_691	691	14			0	0
ovr105	Cutscene_RepeatSeg_ovr105_6A5	6A5	27			0	0
ovr105	Cutscene_8_ChangeFile_ovr105_6CC	6CC	4D			0	0
ovr105	Cutscene_13_TextAndSound_ovr105_719	719	63			0	0
ovr105	Cutscene_9_FadeOut_ovr105_77C	77C	22			0	0
ovr105	Cutscene_10_FadeIn_ovr105_79E	79E	22			0	0
ovr105	Cutscene_11_Unk_ovr105_7C0	7C0	3D	cutsop_jump	kin-near	0	0
ovr105	Cutscene_12_Unknown_ovr105_7FD	7FD	1E			0	0
ovr105	Cutscene_15_KLANG_ovr105_81B	81B	15			0	0
ovr105	ovr105_830	830	39			0	0
ovr105	CutsceneDataProcessing_ovr105_869	869	B99			0	0
ovr105	PlayCutscene_ovr105_1402	1402	E1			0	0
ovr105	ovr105_14E3	14E3	13	reset_db	kin-same	0	0
ovr105	OpenCutsFile_ovr105_14F6	14F6	143	writeCutsValue_ovr108_2EAC	kin-near	0	0
ovr105	ovr105_1639	1639	19			0	0
ovr106	ovr106_0	0	1B			0	0
ovr106	SetBasePtrToStackPtr_ovr106_1B	1B	5			0	0
ovr106	ovr106_20	20	5			0	0
ovr107	ovr107_0	0	949	find_good_x_and_y	kin-same	0	0
ovr107	Teleport_ovr107_949	949	AF			0	0
ovr107	ChangeTile_ovr107_9F8	9F8	2BA			0	0
ovr107	DamageTrap_ovr107_CB2	CB2	C2	whack_thing	kin-near	0	0
ovr107	SpellTrap_ovr107_D74	D74	50	inanimate_spell	kin-same	0	0
ovr107	Fishing_ovr107_DC4	DC4	DD			0	0
ovr107	Bullfrog_ovr107_EA1	EA1	16A			0	0
ovr107	EmeraldDoTrap_ovr107_100B	100B	1AE			0	0
ovr107	TrespassTrap_ovr107_11B9	11B9	19			0	0
ovr107	do_trap_platform_ovr107_11D2	11D2	87	eight_pos_switch	kin-near	0	0
ovr107	ExplodingBook_ovr107_1259	1259	C0			0	0
ovr107	TalkingDoor_ovr107_1319	1319	5A			0	0
ovr107	ArialTalking_ovr107_1373	1373	17			0	0
ovr107	RemoveObject_ovr107_138A	138A	47	remove_whoami	kin-same	0	0
ovr107	TyballDeath_ovr107_13D1	13D1	CE			0	0
ovr107	SpecialDeathCases_ovr107_149F	149F	130			0	0
ovr107	GetItemDurability_ovr107_15CF	15CF	6D			0	0
ovr107	ovr107_163C	163C	118	do_repair	kin-near	0	0
ovr107	ItemRepair_ovr107_1754	1754	1F2	repair_item	kin-near	0	0
ovr107	ResetObjectIdentification_ovr107_1946	1946	76	clear_loretry	kin-same	0	0
ovr107	ResetObjectIdentifcation_ovr107_19BC	19BC	68			0	0
ovr109	ovr109_0	0	4A			0	0
ovr109	ovr109_4A	4A	16A			0	0
ovr109	ovr109_1B4	1B4	40	free_world	kin-near	0	0
ovr109	SplashScreen_ovr109_1F4	1F4	18	titlescr	kin-same	0	0
ovr109	ovr109_20C	20C	94			0	0
ovr109	ovr109_2A0	2A0	B			0	0
ovr109	ResetMap_ovr109_2AB	2AB	19	clearobj	kin-same	0	0
ovr109	ovr109_2C4	2C4	3B	change_screen	kin-same	0	0
ovr109	ShowMapAndOtherFullScreenUIs_ovr109_2FF	2FF	6F	newscr	kin-same	0	0
ovr109	ovr109_36E	36E	D			0	0
ovr109	ovr109_37B	37B	AD			0	0
ovr109	ovr109_428	428	14	free_demscr	kin-same	0	0
ovr109	ovr109_43C	43C	BF			0	0
ovr109	DeathEndGame_ovr109_4FB	4FB	D9	real_death	kin-near	0	0
ovr109	soundrelated_ovr109_5D4	5D4	A			0	0
ovr109	DividByZeroError_ovr109_5DE	5DE	4F	div_zero_ovr112_661	kin-near	0	0
ovr109	Teleport_ovr109_62D	62D	113			0	0
ovr109	ovr109_740	740	31			0	0
ovr110	ovr110_0	0	AB			0	0
ovr110	ovr110_AB	AB	1C	first_punt	kin-near	0	0
ovr110	CanNoLongerRunError_ovr110_C7	C7	8C	pfatal_code	kin-near	0	0
ovr110	ovr110_153	153	38	pfatal	kin-near	0	0
ovr112	ovr112_0	0	149	save_screenshot	kin-near	0	0
ovr112	ovr112_149	149	4B			0	0
ovr112	ovr112_194	194	2F	pfatal	kin-same	0	0
ovr112	ovr112_1C3	1C3	E0			0	0
ovr112	ovr112_2A3	2A3	17D			0	0
ovr112	ovr112_420	420	86	GifPixel_ovr116_420	kin-same	0	0
ovr113	ovr113_0	0	1CE			0	0
ovr113	ovr113_1CE	1CE	5C			0	0
ovr113	ovr113_22A	22A	78			0	0
ovr113	ovr113_2A2	2A2	B9	grfx_init	kin-near	0	0
ovr113	ovr113_35B	35B	72			0	0
ovr113	ovr113_3CD	3CD	4B			0	0
ovr114	ovr114_0	0	35	grfx_init	kin-near	0	0
ovr114	OpenFont_ovr114_35	35	88			0	0
ovr114	ovr114_BD	BD	F	grfx_close	kin-same	0	0
ovr114	ovr114_CC	CC	2F	grfx_clear	kin-same	0	0
ovr114	ovr114_FB	FB	5F	read_quikpal	kin-near	0	0
ovr114	GetPalette_ovr114_15A	15A	2E	grfx_quikpal	kin-same	0	0
ovr114	ovr114_188	188	2B	grfx_setpal	kin-same	0	0
ovr114	ovr114_1B3	1B3	106	fadeout	kin-near	0	0
ovr114	ovr114_2B9	2B9	E8	fadein	kin-near	0	0
ovr114	ovr114_3A1	3A1	43	out3d	kin-same	0	0
ovr114	ovr114_3E4	3E4	96	in3d	kin-near	0	0
ovr114	ovr114_47A	47A	17			0	0
ovr114	ovr114_491	491	17			0	0
ovr114	ovr114_4A8	4A8	17			0	0
ovr114	ovr114_4BF	4BF	17			0	0
ovr114	ProbablyFlashColour_ovr114_4D6	4D6	28			0	0
ovr114	DoTrapCamera_ovr114_4FE	4FE	51	cameras_fade	kin-near	0	0
ovr115	ovr115_0	0	89	get_pals	kin-near	0	0
ovr115	ovr115_89	89	122			0	0
ovr115	ovr115_1AB	1AB	1B	free_timers	kin-near	0	0
ovr115	ovr115_1C6	1C6	B9	_ld_gr	kin-near	0	0
ovr115	ovr115_27F	27F	54	adrnew_ems	kin-same	0	0
ovr115	ovr115_2D3	2D3	41	adrold_ems	kin-same	0	0
ovr115	ovr115_314	314	40	movenew_ems	kin-same	0	0
ovr115	ovr115_354	354	6F	moveobj_ems	kin-same	0	0
ovr115	ovr115_3C3	3C3	75	move_reload_obj_ems	kin-same	0	0
ovr115	ovr115_438	438	B			0	0
ovr115	ovr115_443	443	C	adr_const	kin-same	0	0
ovr115	ovr115_44F	44F	7D	movenew_vram	kin-same	0	0
ovr115	ovr115_4CC	4CC	59	move_vram	kin-same	0	0
ovr115	DecodeArtFile_ovr115_525	525	D1	gronk_gr	kin-near	0	0
ovr115	ovr115_5F6	5F6	2E			0	0
ovr115	ovr115_624	624	24			0	0
ovr115	ovr115_648	648	26			0	0
ovr115	ovr115_66E	66E	103			0	0
ovr115	ReadGRFile_ovr115_771	771	2E			0	0
ovr115	ovr115_79F	79F	3D			0	0
ovr115	ovr115_7DC	7DC	37			0	0
ovr115	ovr115_813	813	2B			0	0
ovr115	ovr115_83E	83E	195			0	0
ovr115	ovr115_9D3	9D3	58			0	0
ovr116	ovr116_0	0	3A			0	0
ovr116	ovr116_3A	3A	53	hack_class_data	kin-near	0	0
ovr117	ClickOnInventorySlot_ovr117_0	0	192			0	0
ovr117	ovr117_192	192	4D	MakeBagClose	kin-same	0	0
ovr117	ovr117_1DF	1DF	8C			0	0
ovr117	ovr117_26B	26B	B6	FixBagArea	kin-near	0	0
ovr117	ovr117_321	321	C9	CloseTheBag	kin-same	0	0
ovr117	ovr117_3EA	3EA	B4	DisplayOpenBag	kin-near	0	0
ovr117	ovr117_49E	49E	1DE	FixOpenBag	kin-near	0	0
ovr117	ovr117_67C	67C	3B0	OpenTheBag	kin-near	0	0
ovr117	ovr117_A2C	A2C	24	ScrollItemsUp	kin-near	0	0
ovr117	ovr117_A50	A50	DD	ScrollItemsDown	kin-near	0	0
ovr117	ovr117_B2D	B2D	31C	PutObjectInBag	kin-near	0	0
ovr117	ovr117_E49	E49	188	SwapItemsInBag	kin-near	0	0
ovr117	ovr117_FD1	FD1	BD	BagWeight	kin-near	0	0
ovr118	ovr118_0	0	12C	makePlayerInvCopy	kin-near	0	0
ovr118	ovr118_12C	12C	DA	SavePlayerInv	kin-near	0	0
ovr118	ovr118_206	206	E0	InvSaveNexts	kin-same	0	0
ovr118	ovr118_2E6	2E6	54	replaceInInv	kin-same	0	0
ovr118	ovr118_33A	33A	1A	allocSaveObj	kin-same	0	0
ovr118	ovr118_354	354	22	getSaveObj	kin-same	0	0
ovr118	ovr118_376	376	55	putInInv	kin-same	0	0
ovr118	ovr118_3CB	3CB	F3	InvRestoreNexts	kin-same	0	0
ovr118	ClearObjectList_ovr118_4BE	4BE	B5	FreePlayerInv	kin-near	0	0
ovr118	ovr118_573	573	C6	getPlayerInvCopy	kin-near	0	0
ovr118	ovr118_639	639	13A			0	0
ovr119	ovr119_0	0	64	add_rune	kin-same	0	0
ovr119	ovr119_64	64	19	clear_runes	kin-same	0	0
ovr119	ovr119_7D	7D	62			0	0
ovr119	ovr119_DF	DF	61	RedispRune	kin-near	0	0
ovr119	ovr119_140	140	2E	clear_shelf	kin-near	0	0
ovr119	ovr119_16E	16E	14A			0	0
ovr119	NotASpellError_ovr119_2B8	2B8	11			0	0
ovr119	LookAtActiveSpell_ovr119_2C9	2C9	D0	try_clear	kin-near	0	0
ovr119	PlayerAttemptsSpellCast_ovr119_399	399	CC			0	0
ovr119	SpellErrorMessage_ovr119_465	465	23	fail_spell	kin-near	0	0
ovr119	PlayerCastsValidSpell_ovr119_488	488	156			0	0
ovr120	ovr120_0	0	15	RedisplayInvSlot	kin-same	0	0
ovr120	GetItemInSlot_ovr120_15	15	17	AskInventory	kin-near	0	0
ovr120	ovr120_2C	2C	2B	FindEmptySlot	kin-same	0	0
ovr120	ovr120_57	57	F3	AddToInventory	kin-same	0	0
ovr120	ovr120_14A	14A	D2	FindSlot	kin-near	0	0
ovr120	FindObjectInInventory_ovr120_21C	21C	230	FindObj	kin-near	0	0
ovr120	ovr120_44C	44C	F3	find_obj	kin-same	0	0
ovr120	ovr120_53F	53F	65	pick_inv	kin-near	0	0
ovr120	ovr120_5A4	5A4	17	AskInventory	kin-near	0	0
ovr120	ovr120_5BB	5BB	15	InvRemoveObject	kin-same	0	0
ovr120	RemoveObjectFromInventory_ovr120_5D0	5D0	15	InvRemoveOneObject	kin-same	0	0
ovr120	RemoveQTYFromPlayerInventory_ovr120_5E5	5E5	1B0	invRemoveObject	kin-near	0	0
ovr120	ovr120_795	795	88	RemoveAllFromSlot	kin-near	0	0
ovr120	ovr120_81D	81D	88	RemoveOneFromSlot	kin-near	0	0
ovr120	ovr120_8A5	8A5	30	removeFromSlot	kin-same	0	0
ovr120	ovr120_8D5	8D5	2CD	takeFromSlot	kin-near	0	0
ovr120	ovr120_BA2	BA2	6D	ObjWorn	kin-near	0	0
ovr120	ovr120_C0F	C0F	1CE	DamageInventory	kin-near	0	0
ovr120	ovr120_DDD	DDD	97	ItemWeight	kin-near	0	0
ovr120	ovr120_E74	E74	21	EncumCheck	kin-same	0	0
ovr121	ovr121_0	0	48			0	0
ovr121	ovr121_48	48	19D	BeginInventory	kin-near	0	0
ovr121	ovr121_1E5	1E5	5			0	0
ovr121	ovr121_1EA	1EA	57	ClearInventory	kin-same	0	0
ovr121	ovr121_241	241	342			0	0
ovr121	ovr121_583	583	B4			0	0
ovr121	ovr121_637	637	3A			0	0
ovr121	ovr121_671	671	22B	DisplayInvSpecial	kin-near	0	0
ovr121	ovr121_89C	89C	BE	DisplayInvObject	kin-near	0	0
ovr121	ovr121_95A	95A	BA	SetCursorObj	kin-same	0	0
ovr121	ovr121_A14	A14	137	AskHowMany	kin-near	0	0
ovr121	MaybeContainerLogic_ovr121_B4B	B4B	5C0			0	0
ovr121	ovr121_110B	110B	54	RearrangeInventory	kin-same	0	0
ovr121	ovr121_115F	115F	50	AddToEmptySlot	kin-same	0	0
ovr121	ovr121_11AF	11AF	16C	AddTogether	kin-near	0	0
ovr121	ovr121_131B	131B	305	AddToOccupiedSlot	kin-near	0	0
ovr121	MaybeRefreshInventory_ovr121_1620	1620	46			0	0
ovr121	ovr121_1666	1666	1C1	displayInventoryArray	kin-near	0	0
ovr121	UpdateWeightDisplay_ovr121_1827	1827	85	displayEnc	kin-near	0	0
ovr121	ovr121_18AC	18AC	9A	FindInventoryHit	kin-near	0	0
ovr122	LookAt_ovr122_0	0	34A			0	0
ovr122	LookAtMagicEquipment_ovr122_34A	34A	62			0	0
ovr122	MagicItemDescription_ovr122_3AC	3AC	1DA			0	0
ovr122	Read_ovr122_586	586	13B			0	0
ovr122	ovr122_6C1	6C1	25A			0	0
ovr122	LookAtBones_ovr122_91B	91B	DB	BonesLook	kin-near	0	0
ovr122	LookAtKey_ovr122_9F6	9F6	42	KeyLook	kin-same	0	0
ovr122	LookAtNPC_ovr122_A38	A38	1D9	CritterLook	kin-near	0	0
ovr122	LookAtObject_ovr122_C11	C11	B2	SpecialLook	kin-near	0	0
ovr122	LookAtTalisman_ovr122_CC3	CC3	A3			0	0
ovr123	ovr123_0	0	37	Map_Init	kin-near	0	0
ovr123	ovr123_37	37	3F			0	0
ovr123	ovr123_76	76	F8			0	0
ovr123	ovr123_16E	16E	EE			0	0
ovr125	ovr125_0	0	3A			0	0
ovr125	ovr125_3A	3A	4F	misc_class_data	kin-near	0	0
ovr126	Acknowledgements_ovr126_0	0	18	show_credits	kin-same	0	0
ovr127	ovr127_0	0	7			0	0
ovr129	ovr129_0	0	EE	init_objects	kin-near	0	0
ovr129	ovr129_EE	EE	7			0	0
ovr129	ovr129_F5	F5	35	get_class_data	kin-near	0	0
ovr130	ovr130_0	0	121			0	0
ovr130	ovr130_121	121	2A			0	0
ovr130	ovr130_14B	14B	3B			0	0
ovr130	ovr130_186	186	38			0	0
ovr130	ovr130_1BE	1BE	56			0	0
ovr130	ovr130_214	214	1E			0	0
ovr130	ovr130_232	232	5A			0	0
ovr130	ovr130_28C	28C	1E			0	0
ovr130	ovr130_2AA	2AA	A9			0	0
ovr130	ovr130_353	353	62			0	0
ovr130	ovr130_3B5	3B5	58			0	0
ovr130	ovr130_40D	40D	58			0	0
ovr130	ovr130_465	465	B2			0	0
ovr130	ovr130_517	517	57			0	0
ovr130	ovr130_56E	56E	AA			0	0
ovr130	ovr130_618	618	5B			0	0
ovr130	ovr130_673	673	16			0	0
ovr130	ovr130_689	689	4D			0	0
ovr130	ovr130_6D6	6D6	1C			0	0
ovr130	ovr130_6F2	6F2	F6			0	0
ovr130	ovr130_7E8	7E8	45			0	0
ovr131	ovr131_0	0	1DD			0	0
ovr131	ovr131_1DD	1DD	30			0	0
ovr131	ApplyTerrainData_ovr131_20D	20D	D5			0	0
ovr131	ovr131_2E2	2E2	93			0	0
ovr131	LoadT64AndDoorsGR_ovr131_375	375	127			0	0
ovr131	LoadTextureFile_ovr131_49C	49C	145			0	0
ovr131	BuildTerrainData_ovr131_5E1	5E1	A5			0	0
ovr133	ovr133_0	0	5			0	0
ovr133	ovr133_5	5	FB			0	0
ovr133	ovr133_100	100	E4			0	0
ovr133	ResetPlayerStatusValues_ovr133_1E4	1E4	78	init_spells	kin-near	0	0
ovr133	ApplyMazeTexture_ovr133_25C	25C	3D			0	0
ovr133	ovr133_299	299	AE	set_drugged	kin-same	0	0
ovr133	ActiveEnchantedItem_Spells_ovr133_347	347	237			0	0
ovr133	RetrieveActiveSpells_ovr133_57E	57E	84	parse_aspells	kin-near	0	0
ovr133	MazeNavigation_ovr133_602	602	5B			0	0
ovr133	ApplyDefenceStealthBonuses_ovr133_65D	65D	D0	parse_spells	kin-near	0	0
ovr133	ovr133_72D	72D	57	armor_val	kin-same	0	0
ovr133	PlayerStatusUpdate_ovr133_784	784	39B	FixPlayerEquips	kin-near	0	0
ovr134	ovr134_0	0	22			0	0
ovr134	ovr134_22	22	B0	InitPlayerRec	kin-same	0	0
ovr134	InitPlayerAndRegisterKeys_ovr134_D2	D2	609			0	0
ovr134	ovr134_6DB	6DB	25D	mous_player	kin-near	0	0
ovr134	ovr134_938	938	6E	demous_player	kin-same	0	0
ovr134	ovr134_9A6	9A6	6D			0	0
ovr134	PrintGameVersion_ovr134_A13	A13	1B			0	0
ovr134	SetCameraViewAtObject_ovr134_A2E	A2E	C9	home_cam	kin-same	0	0
ovr134	ovr134_AF7	AF7	B8			0	0
ovr134	ChangeCameraReference_ovr134_BAF	BAF	F9	attach_eye	kin-near	0	0
ovr134	SetCameraAtObject_ovr134_CA8	CA8	16	release_camera	kin-same	0	0
ovr134	DoTrapCamera_ovr134_CBE	CBE	94			0	0
ovr134	LaunchPlayerAtMoongate_ovr134_D52	D52	F4	Vortex_ovr143_E09	kin-same	0	0
ovr134	ovr134_E46	E46	5B	chg_plys	kin-same	0	0
ovr134	ovr134_EA1	EA1	25			0	0
ovr134	ovr134_EC6	EC6	26			0	0
ovr137	ovr137_0	0	5			0	0
ovr138	ovr138_0	0	22			0	0
ovr138	ovr138_22	22	72	move_opbtn	kin-same	0	0
ovr138	ovr138_94	94	39			0	0
ovr138	ovr138_CD	CD	2F	do_intro_scene	kin-near	0	0
ovr138	DrawMainMenuLoadScreen_ovr138_FC	FC	14C	draw_start_buttons	kin-near	0	0
ovr138	MainMenu_ovr138_248	248	329			0	0
ovr138	ovr138_571	571	1F7	parse_start_mouse	kin-near	0	0
ovr138	ovr138_768	768	1BD	parse_start_input	kin-near	0	0
ovr138	MainMenuListSaveGames_ovr138_925	925	176	do_journey	kin-near	0	0
ovr139	ovr139_0	0	7			0	0
ovr140	ovr140_0	0	92	init_save	kin-near	0	0
ovr140	ovr140_92	92	9B			0	0
ovr140	ovr140_12D	12D	FC			0	0
ovr140	EnumerateSaveGames_ovr140_229	229	DC			0	0
ovr140	ovr140_305	305	98	ShowSaveRest	kin-near	0	0
ovr140	ovr140_39D	39D	AE			0	0
ovr140	RestoreGame_ovr140_44B	44B	C9			0	0
ovr140	SaveGame_ovr140_514	514	155			0	0
ovr140	ovr140_669	669	83	clear_dir	kin-near	0	0
ovr140	ovr140_6EC	6EC	CF			0	0
ovr140	ovr140_7BB	7BB	C6			0	0
ovr140	ChangeLevel_ovr140_881	881	85			0	0
ovr140	LevelChangeEvents_ovr140_906	906	E3			0	0
ovr141	LoadBitMap_ovr141_0	0	FA			0	0
ovr142	OpenAndApplyShadesDat_ovr142_0	0	11A			0	0
ovr142	ovr142_11A	11A	67			0	0
ovr142	ovr142_181	181	A5			0	0
ovr143	ovr143_0	0	70	use_skill	kin-near	0	0
ovr143	ovr143_70	70	25	player_use_skill	kin-same	0	0
ovr143	ovr143_95	95	85			0	0
ovr143	LevelUp_ovr143_11A	11A	78	advance	kin-near	0	0
ovr143	GetGoverningAttribute_ovr143_192	192	1D	prime	kin-same	0	0
ovr143	ovr143_1AF	1AF	C2	add_to_skill	kin-same	0	0
ovr143	SkillGain_ovr143_271	271	14F	get_skill	kin-near	0	0
ovr143	SkillAdvanceGreatlyMessage_ovr143_3C0	3C0	46			0	0
ovr143	NormalSkillAdvanceMessage_ovr143_406	406	87			0	0
ovr143	ChantMantraAtShrine_ovr143_48D	48D	2E2			0	0
ovr143	VictoryScreen_ovr143_76F	76F	404			0	0
ovr143	GaramonDream_ovr143_B73	B73	107			0	0
ovr143	SleepingOnDamagingSurface_ovr143_C7A	C7A	A5	drop_drunk_player	kin-near	0	0
ovr143	Sleep_ovr143_D1F	D1F	3B6			0	0
ovr143	MakeCampEvent_ovr143_10D5	10D5	32	player_key_sleep	kin-same	0	0
ovr143	ChangeHunger_ovr143_1107	1107	7F	player_eat	kin-near	0	0
ovr143	EndGameFunctions_ovr143_1186	1186	175			0	0
ovr143	PlantSilverSeed_ovr143_12FB	12FB	1B2			0	0
ovr143	FindTeleportToObject_ovr143_14AD	14AD	74	moveto	kin-near	0	0
ovr143	Resurrection_ovr143_1521	1521	D3			0	0
ovr143	CallBackGateTravel_ovr143_15F4	15F4	1C			0	0
ovr143	DeathAndResurrection_ovr143_1610	1610	219			0	0
ovr143	SearchForTrap_ovr143_1829	1829	2D8			0	0
ovr144	ovr144_0	0	7			0	0
ovr145	ovr145_0	0	F3	sp_hdr	kin-near	0	0
ovr145	ovr145_F3	F3	5C	sp_att	kin-near	0	0
ovr145	ovr145_14F	14F	74	sp_hp	kin-near	0	0
ovr145	ovr145_1C3	1C3	73	sp_mp	kin-near	0	0
ovr145	ovr145_236	236	4E	sp_xp	kin-near	0	0
ovr145	ovr145_284	284	DB			0	0
ovr145	ovr145_35F	35F	E6			0	0
ovr145	ovr145_445	445	B6			0	0
ovr145	ovr145_4FB	4FB	10			0	0
ovr146	ovr146_0	0	7			0	0
ovr149	ovr149_0	0	16			0	0
ovr150	SpillInventory_ovr150_0	0	12E			0	0
ovr150	SpillCritterInventory_ovr150_12E	12E	2C	drop_some_objects	kin-same	0	0
ovr150	SpawnValuableLoot_ovr150_15A	15A	161	generate_treasure	kin-near	0	0
ovr150	SpawnFoodLoot_ovr150_2BB	2BB	66	generate_food	kin-same	0	0
ovr150	SpawnArmsLoot_ovr150_321	321	121	generate_weapons	kin-same	0	0
ovr150	SpawnOtherLoot_ovr150_442	442	D4	generate_equipment	kin-near	0	0
ovr150	SpawnNPCLoot_ovr150_516	516	87	generate_inventory	kin-near	0	0
ovr152	ovr152_0	0	5			0	0
ovr152	ovr152_5	5	E			0	0
ovr152	ovr152_13	13	5			0	0
ovr153	ovr153_0	0	17	trap_save	kin-near	0	0
ovr153	ovr153_17	17	24			0	0
ovr153	Trigger_ovr153_3B	3B	20F			0	0
ovr153	RunTrap_ovr153_24A	24A	4C	SetOffTrap	kin-same	0	0
ovr153	Traps_ovr153_296	296	B2C			0	0
ovr153	ovr153_DC2	DC2	C1			0	0
ovr153	ovr153_E83	E83	BE	delete_trap	kin-same	0	0
ovr153	TalkToNPC_ovr153_F41	F41	3A			0	0
ovr153	DoTraps_ovr153_F7B	F7B	18F			0	0
ovr153	CreateTrap_ovr153_110A	110A	252	cast_trap_spell	kin-near	0	0
ovr153	ovr153_135C	135C	A6			0	0
ovr153	ovr153_1402	1402	3B	trap_obj_del	kin-same	0	0
ovr153	CheckForBitD_ovr153_143D	143D	51	is_this_wandering	kin-same	0	0
ovr153	CheckForBitDInArea_ovr153_148E	148E	36	dont_create_wandering_monster_here	kin-near	0	0
ovr153	CheckIfWithin8TilesFromObject_ovr153_14C4	14C4	53	check_alert	kin-near	0	0
ovr153	TriggerCreateObjectTrap_ovr153_1517	1517	AD	DoWanderingMonsters	kin-same	0	0
ovr153	FindAndCloseDoors_ovr153_15C4	15C4	E5	DoClosingDoors	kin-near	0	0
ovr154	ovr154_17	17	65	solve_compass	kin-same	0	0
ovr154	GetCardinal_ovr154_7C	7C	85	mpos	kin-same	0	0
ovr154	GetCardinalDirection_ovr154_101	101	1A	postodir	kin-same	0	0
ovr154	GetDetectedCreatureDirections_ovr154_11B	11B	C0	print_path_to	kin-near	0	0
ovr154	ovr154_1DB	1DB	4EB			0	0
ovr154	ovr154_2D1	2D1	20			0	0
ovr154	ovr154_2F1	2F1	17			0	0
ovr154	ovr154_308	308	2B	dir_exist	kin-same	0	0
ovr154	ovr154_333	333	41			0	0
ovr154	ovr154_374	374	33			0	0
ovr154	ovr154_3A7	3A7	A7	check_fds	kin-near	0	0
ovr154	ovr154_44E	44E	56	blttodrive	kin-same	0	0
ovr154	ovr154_4A4	4A4	53	bltfromdrive	kin-same	0	0
ovr154	ReadFileToAddress_ovr154_4F7	4F7	4D	intoFarBuffer_ovr167_5DA	kin-same	0	0
ovr154	ovr154_544	544	4D	FarWrite_ovr167_627	kin-same	0	0
ovr154	ovr154_591	591	7C			0	0
ovr154	ovr154_60D	60D	84			0	0
ovr154	ovr154_691	691	31			0	0
ovr144	ovr144_0	0	7			0	0
ovr145	ovr145_0	0	F3	sp_hdr	kin-near	0	0
ovr145	ovr145_F3	F3	5C	sp_att	kin-near	0	0
ovr145	ovr145_14F	14F	74	sp_hp	kin-near	0	0
ovr145	ovr145_1C3	1C3	73	sp_mp	kin-near	0	0
ovr145	ovr145_236	236	4E	sp_xp	kin-near	0	0
ovr145	ovr145_284	284	DB			0	0
ovr145	ovr145_35F	35F	E6			0	0
ovr145	ovr145_445	445	B6			0	0
ovr145	ovr145_4FB	4FB	11			0	0
ovr146	ovr146_0	0	7			0	0
ovr149	ovr149_0	0	17	trap_save	kin-near	0	0
ovr150	ovr150_0	0	12E			0	0
ovr150	ovr150_12E	12E	2C	drop_some_objects	kin-same	0	0
ovr150	ovr150_15A	15A	161	generate_treasure	kin-near	0	0
ovr150	ovr150_2BB	2BB	66	generate_food	kin-same	0	0
ovr150	ovr150_321	321	121	generate_weapons	kin-same	0	0
ovr150	ovr150_442	442	D4	generate_equipment	kin-near	0	0
ovr150	ovr150_516	516	87	generate_inventory	kin-near	0	0
ovr152	ovr152_0	0	5			0	0
ovr152	ovr152_5	5	E			0	0
ovr152	ovr152_13	13	5			0	0
ovr153	ovr153_0	0	17	trap_save	kin-near	0	0
ovr153	ovr153_17	17	24			0	0
ovr153	ovr153_3B	3B	20F			0	0
ovr153	ovr153_24A	24A	4C	SetOffTrap	kin-same	0	0
ovr153	ovr153_296	296	AFC			0	0
ovr153	ovr153_D92	D92	F1			0	0
ovr153	ovr153_E83	E83	BE	delete_trap	kin-same	0	0
ovr153	ovr153_F41	F41	3A			0	0
ovr153	ovr153_F7B	F7B	173			0	0
ovr153	ovr153_10EE	10EE	26E	cast_trap_spell	kin-near	0	0
ovr153	ovr153_135C	135C	A6			0	0
ovr153	ovr153_1402	1402	3B	trap_obj_del	kin-same	0	0
ovr153	ovr153_143D	143D	51	is_this_wandering	kin-same	0	0
ovr153	ovr153_148E	148E	36	dont_create_wandering_monster_here	kin-near	0	0
ovr153	ovr153_14C4	14C4	53	check_alert	kin-near	0	0
ovr153	ovr153_1517	1517	AD	DoWanderingMonsters	kin-same	0	0
ovr153	ovr153_15C4	15C4	E6	DoClosingDoors	kin-near	0	0
ovr154	ovr154_0	0	17	flip_bool	kin-same	0	0
ovr154	ovr154_17	17	65	solve_compass	kin-same	0	0
ovr154	ovr154_7C	7C	85	mpos	kin-same	0	0
ovr154	ovr154_101	101	1A	postodir	kin-same	0	0
ovr154	ovr154_11B	11B	C0	print_path_to	kin-near	0	0
ovr154	ovr154_1DB	1DB	C1	unsolve_compass	kin-same	0	0
ovr154	ovr154_29C	29C	35	errmsg	kin-near	0	0
ovr154	ovr154_2D1	2D1	20			0	0
ovr154	ovr154_2F1	2F1	17			0	0
ovr154	ovr154_308	308	2B	dir_exist	kin-same	0	0
ovr154	ovr154_333	333	41			0	0
ovr154	ovr154_374	374	33			0	0
ovr154	ovr154_3A7	3A7	A7	check_fds	kin-near	0	0
ovr154	ovr154_44E	44E	56	blttodrive	kin-same	0	0
ovr154	ovr154_4A4	4A4	53	bltfromdrive	kin-same	0	0
ovr154	ovr154_4F7	4F7	4D	intoFarBuffer_ovr167_5DA	kin-same	0	0
ovr154	ovr154_544	544	4D	FarWrite_ovr167_627	kin-same	0	0
ovr154	ovr154_591	591	7C			0	0
ovr154	ovr154_60D	60D	84			0	0
ovr154	ovr154_691	691	35	data_fopen	kin-near	0	0
