# segment	proc	offset	status
seg000	seg000_2	2	ok
seg000	seg000_A6	A6	ok
seg000	UIDrawRelated_seg000_EB	EB	ok
seg000	seg000_120	120	ok
seg000	seg000_155	155	ok
seg000	seg000_18B	18B	ok
seg000	seg000_1F9	1F9	ok
seg000	seg000_229	229	ok
seg000	seg000_330	330	ok
seg001	seg001_C	C	ok
seg001	seg001_4A	4A	ok
seg001	seg001_5A	5A	ok
seg001	seg001_105	105	ok
seg001	seg001_112	112	ok
seg001	seg001_1D5	1D5	ok
seg001	seg001_1EF	1EF	ok
seg001	MaybeRedrawSlot_seg001_25B	25B	ok
seg001	seg001_268	268	ok
seg002	seg002_A	A	ok
seg003	seg003_0	0	unverified
seg003	seg003_8	8	unverified
seg003	seg003_10	10	unverified
seg003	seg003_18	18	unverified
seg003	seg003_28	28	ok
seg003	seg003_60	60	ok
seg003	seg003_121	121	ok
seg003	seg003_A46	A46	unverified
seg003	seg003_A48	A48	ok
seg003	seg003_AC8	AC8	ok
seg003	seg003_AEC	AEC	ok
seg003	seg003_B0C	B0C	ok
seg003	seg003_B5D	B5D	ok
seg003	seg003_BEC	BEC	ok
seg003	seg003_D2D	D2D	ok
seg003	seg003_EFF	EFF	ok
seg003	seg003_F77	F77	ok
seg003	seg003_1082	1082	ok
seg003	seg003_1D91	1D91	ok
seg003	seg003_1E90	1E90	ok
seg003	seg003_2BBA	2BBA	ok
seg003	seg003_2BD3	2BD3	ok
seg003	seg003_2BFA	2BFA	ok
seg003	seg003_2C11	2C11	ok
seg003	seg003_2C28	2C28	ok
seg003	seg003_2C36	2C36	ok
seg003	seg003_321D	321D	ok
seg003	seg003_32F4	32F4	ok
seg003	seg003_3325	3325	unverified
seg003	seg003_333F	333F	ok
seg003	seg003_3357	3357	unverified
seg003	seg003_3386	3386	ok
seg003	seg003_33C5	33C5	ok
seg003	seg003_33D4	33D4	unverified
seg003	seg003_33E3	33E3	ok
seg003	seg003_33FB	33FB	ok
seg003	seg003_341C	341C	ok
seg003	seg003_347A	347A	ok
seg003	seg003_34C5	34C5	ok
seg003	seg003_3604	3604	ok
seg003	seg003_3799	3799	ok
seg003	seg003_3915	3915	ok
seg003	seg003_3964	3964	ok
seg003	seg003_397C	397C	ok
seg003	seg003_39A2	39A2	ok
seg003	seg003_39E5	39E5	ok
seg003	seg003_3A16	3A16	ok
seg003	seg003_3A3F	3A3F	ok
seg003	seg003_3A68	3A68	ok
seg003	seg003_3A86	3A86	ok
seg003	seg003_3A9B	3A9B	ok
seg003	seg003_3AEA	3AEA	unverified
seg003	seg003_3AED	3AED	ok
seg003	seg003_3AFD	3AFD	ok
seg003	seg003_3B0F	3B0F	ok
seg003	seg003_3B62	3B62	ok
seg003	seg003_3B9A	3B9A	ok
seg003	seg003_3BA1	3BA1	unverified
seg003	seg003_3BA4	3BA4	ok
seg003	seg003_3BEE	3BEE	unverified
seg003	seg003_3BF1	3BF1	ok
seg003	seg003_3C3E	3C3E	ok
seg003	seg003_3C9E	3C9E	unverified
seg003	seg003_3CA3	3CA3	ok
seg003	seg003_3CAE	3CAE	ok
seg003	seg003_3CFF	3CFF	ok
seg003	seg003_3D2E	3D2E	ok
seg003	seg003_3D42	3D42	unverified
seg003	seg003_3D47	3D47	ok
seg003	seg003_3F0E	3F0E	ok
seg003	seg003_3FDC	3FDC	ok
seg003	seg003_403E	403E	ok
seg003	seg003_409C	409C	ok
seg003	seg003_4134	4134	ok
seg003	seg003_41DC	41DC	ok
seg003	seg003_4209	4209	ok
seg003	seg003_423B	423B	ok
seg003	seg003_4282	4282	ok
seg003	seg003_438D	438D	ok
seg003	seg003_4400	4400	ok
seg003	seg003_440F	440F	ok
seg003	seg003_4462	4462	ok
seg003	seg003_447D	447D	ok
seg003	seg003_44B2	44B2	ok
seg003	seg003_44CC	44CC	unverified
seg003	seg003_44E1	44E1	ok
seg003	seg003_49D0	49D0	ok
seg003	seg003_4A06	4A06	ok
seg003	seg003_4C45	4C45	ok
seg003	seg003_4CB1	4CB1	ok
seg003	WriteTextToScreen_seg003_4CED	4CED	ok
seg003	WritingTextToScreen_seg003_4DCB	4DCB	ok
seg003	seg003_4EA9	4EA9	ok
seg003	seg003_4F2A	4F2A	ok
seg003	seg003_4F66	4F66	ok
seg003	seg003_4FDE	4FDE	ok
seg003	seg003_5174	5174	ok
seg003	seg003_51B3	51B3	ok
seg003	seg003_522E	522E	ok
seg003	seg003_52BA	52BA	ok
seg003	seg003_5314	5314	ok
seg003	seg003_5350	5350	ok
seg003	seg003_5418	5418	ok
seg003	seg003_54EB	54EB	ok
seg003	seg003_557F	557F	ok
seg003	seg003_55BB	55BB	ok
seg003	seg003_57BB	57BB	ok
seg003	seg003_581E	581E	ok
seg003	seg003_5881	5881	ok
seg003	seg003_5974	5974	ok
seg003	seg003_59C1	59C1	ok
seg003	seg003_5A19	5A19	unverified
seg003	seg003_5A32	5A32	ok
seg003	seg003_5A72	5A72	unverified
seg003	seg003_5A75	5A75	unverified
seg003	seg003_5A78	5A78	unverified
seg003	seg003_5A81	5A81	unverified
seg003	seg003_5A87	5A87	unverified
seg003	seg003_5A8D	5A8D	unverified
seg003	seg003_5A90	5A90	unverified
seg003	seg003_5A93	5A93	unverified
seg003	seg003_5A96	5A96	unverified
seg003	seg003_5A99	5A99	unverified
seg003	seg003_5A9C	5A9C	unverified
seg003	seg003_5A9F	5A9F	unverified
seg003	seg003_5AA2	5AA2	unverified
seg003	seg003_5AAB	5AAB	unverified
seg003	seg003_5AAE	5AAE	unverified
seg003	seg003_5AB1	5AB1	unverified
seg003	seg003_5AB4	5AB4	unverified
seg003	seg003_5AB7	5AB7	unverified
seg003	seg003_5ABA	5ABA	unverified
seg003	seg003_5ADE	5ADE	unverified
seg003	seg003_5B0B	5B0B	ok
seg003	seg003_5B5D	5B5D	ok
seg003	seg003_5B65	5B65	unverified
seg003	seg003_6350	6350	ok
seg003	seg003_6547	6547	ok
seg005_10B2	start	None	unverified
seg005_10B2	seg005_10B2_113	113	ok
seg005_10B2	seg005_10B2_133	133	ok
seg005_10B2	seg005_10B2_173	173	ok
seg005_10B2	seg005_10B2_1B6	1B6	ok
seg005_10B2	seg005_10B2_226	226	ok
seg005_10B2	seg005_10B2_249	249	ok
seg005_10B2	seg005_10B2_2AD	2AD	ok
seg005_10B2	CloseFile_seg005_10B2_2FE	2FE	ok
seg005_10B2	seg005_10B2_32C	32C	ok
seg005_10B2	seg005_10B2_351	351	ok
seg005_10B2	seg005_10B2_3D1	3D1	ok
seg005_10B2	seg005_10B2_410	410	ok
seg005_10B2	CloseFile_seg005_10B2_47D	47D	ok
seg005_10B2	seg005_10B2_4FD	4FD	ok
seg005_10B2	seg005_10B2_54F	54F	ok
seg005_10B2	seg005_10B2_5D5	5D5	ok
seg005_10B2	seg005_10B2_644	644	ok
seg005_10B2	seg005_10B2_67C	67C	ok
seg005_10B2	seg005_10B2_742	742	ok
seg005_10B2	seg005_10B2_7DA	7DA	ok
seg005_10B2	AddFileToTable_seg005_10B2_7FC	7FC	ok
seg005_10B2	FileReadToAddress_seg005_10B2_868	868	ok
seg005_10B2	FileReadToAddress_seg005_10B2_954	954	ok
seg005_10B2	seg005_10B2_9A1	9A1	ok
seg005_10B2	SeekToAFile_Location_seg005_10B2_A07	A07	ok
seg005_10B2	seg005_10B2_A6D	A6D	ok
seg005_10B2	seg005_10B2_AB0	AB0	ok
seg005_10B2	seg005_10B2_AF9	AF9	ok
seg005_10B2	seg005_10B2_B0C	B0C	ok
seg005_10B2	seg005_10B2_B1F	B1F	ok
seg005_10B2	seg005_10B2_B47	B47	ok
seg005_10B2	seg005_10B2_B5E	B5E	ok
seg005_10B2	seg005_10B2_B7A	B7A	ok
seg005_10B2	seg005_10B2_C96	C96	ok
seg005_10B2	InitRNG_seg005_10B2_DD6	DD6	ok
seg005_10B2	RNG_seg005_DE7	DE7	ok
seg005_10B2	seg005_10B2_E0D	E0D	ok
seg005_10B2	seg005_10B2_E9C	E9C	ok
seg005_10B2	seg005_10B2_F9D	F9D	ok
seg005_10B2	seg005_10B2_1010	1010	ok
seg005_10B2	seg005_10B2_105D	105D	ok
seg005_10B2	seg005_10B2_1090	1090	ok
seg005_10B2	seg005_10B2_10AA	10AA	ok
seg005_10B2	seg005_10B2_11CD	11CD	ok
seg005_10B2	seg005_10B2_139D	139D	ok
seg005_10B2	seg005_10B2_141E	141E	ok
seg005_10B2	seg005_10B2_144A	144A	ok
seg005_10B2	seg005_10B2_1476	1476	ok
seg005_10B2	ParseNumber_seg005_10B2_15B5	15B5	ok
seg005_10B2	seg005_10B2_1632	1632	ok
seg005_10B2	seg005_10B2_1654	1654	ok
seg005_10B2	seg005_10B2_16A1	16A1	ok
seg005_10B2	seg005_10B2_16CA	16CA	ok
seg005_10B2	seg005_10B2_16E5	16E5	ok
seg005_10B2	seg005_10B2_1703	1703	ok
seg005_10B2	seg005_10B2_1713	1713	ok
seg005_10B2	seg005_10B2_174F	174F	ok
seg005_10B2	seg005_10B2_1790	1790	ok
seg005_10B2	seg005_10B2_1856	1856	ok
seg005_10B2	seg005_10B2_18BE	18BE	ok
seg005_10B2	seg005_10B2_18F1	18F1	ok
seg005_10B2	seg005_10B2_191E	191E	ok
seg005_10B2	seg005_10B2_195F	195F	ok
seg005_10B2	seg005_10B2_1988	1988	ok
seg005_10B2	seg005_10B2_19E1	19E1	ok
seg005_10B2	seg005_10B2_19F9	19F9	ok
seg005_10B2	seg005_10B2_1AB1	1AB1	ok
seg005_10B2	seg005_10B2_1ACC	1ACC	ok
seg005_10B2	seg005_10B2_1B3B	1B3B	ok
seg005_10B2	seg005_10B2_1B58	1B58	ok
seg005_10B2	seg005_10B2_1B78	1B78	ok
seg005_10B2	seg005_10B2_1B87	1B87	ok
seg005_10B2	seg005_10B2_1B98	1B98	ok
seg005_10B2	seg005_10B2_1BC0	1BC0	ok
seg005_10B2	seg005_10B2_1C81	1C81	ok
seg005_10B2	seg005_10B2_1CE4	1CE4	ok
seg005_10B2	seg005_10B2_1D0B	1D0B	ok
seg005_10B2	seg005_10B2_1D48	1D48	ok
seg005_10B2	MoveFilePointer_seg005_10B2_1D59	1D59	ok
seg005_10B2	seg005_10B2_1D82	1D82	ok
seg005_10B2	HexToDecimalString_seg005_10B2_1DFF	1DFF	ok
seg005_10B2	seg005_10B2_1E26	1E26	ok
seg005_10B2	seg005_10B2_1E40	1E40	ok
seg005_10B2	seg005_10B2_1E65	1E65	ok
seg005_10B2	seg005_10B2_1E86	1E86	ok
seg005_10B2	SetArrayValues_seg005_10B2_1EAE	1EAE	ok
seg005_10B2	seg005_10B2_1EC7	1EC7	ok
seg005_10B2	CopyDataBySize_seg005_1EDD	1EDD	ok
seg005_10B2	seg005_10B2_1EFF	1EFF	ok
seg005_10B2	seg005_10B2_1F18	1F18	ok
seg005_10B2	CreateOrOpenFile_seg005_1F2A	1F2A	ok
seg005_10B2	seg005_10B2_2065	2065	ok
seg005_10B2	MaybeFileSeek_seg005_20B1	20B1	ok
seg005_10B2	seg005_10B2_216C	216C	ok
seg005_10B2	seg005_10B2_2186	2186	ok
seg005_10B2	seg005_10B2_21A5	21A5	ok
seg005_10B2	seg005_10B2_21B9	21B9	ok
seg005_10B2	seg005_10B2_2638	2638	ok
seg005_10B2	seg005_10B2_2663	2663	ok
seg005_10B2	seg005_10B2_27E2	27E2	ok
seg005_10B2	seg005_10B2_27FA	27FA	ok
seg005_10B2	seg005_10B2_2816	2816	ok
seg005_10B2	seg005_10B2_2829	2829	ok
seg005_10B2	seg005_10B2_283C	283C	ok
seg005_10B2	seg005_10B2_2868	2868	ok
seg005_10B2	seg005_10B2_286F	286F	ok
seg005_10B2	CombineStrings_seg005_10B2_290A	290A	ok
seg005_10B2	seg005_10B2_2943	2943	ok
seg005_10B2	StoreStringInLocation_seg005_2979	2979	ok
seg005_10B2	StringLen_seg005_10B2_299D	299D	ok
seg005_10B2	seg005_10B2_29B7	29B7	ok
seg005_10B2	ToUpperCase_seg005_10B2_29E3	29E3	ok
seg005_10B2	seg005_10B2_2A03	2A03	ok
seg005_10B2	seg005_10B2_2B84	2B84	ok
seg005_10B2	seg005_10B2_2CAF	2CAF	ok
seg005_10B2	seg005_10B2_2CC5	2CC5	ok
seg005_10B2	seg005_10B2_2CCC	2CCC	ok
seg005_10B2	seg005_10B2_2CD5	2CD5	ok
seg005_10B2	seg005_10B2_2CDD	2CDD	ok
seg005_10B2	seg005_10B2_2CF7	2CF7	unverified
seg005_10B2	seg005_10B2_2D04	2D04	ok
seg005_10B2	seg005_10B2_2D0D	2D0D	ok
seg005_10B2	seg005_10B2_31A4	31A4	ok
seg005_10B2	seg005_10B2_31ED	31ED	ok
seg005_10B2	seg005_10B2_321C	321C	ok
seg005_10B2	seg005_10B2_327E	327E	ok
seg005_10B2	seg005_10B2_32EF	32EF	ok
seg005_10B2	seg005_10B2_3318	3318	ok
seg005_10B2	seg005_10B2_334E	334E	ok
seg005_10B2	seg005_10B2_3377	3377	ok
seg005_10B2	seg005_10B2_33D8	33D8	ok
seg005_10B2	seg005_10B2_3411	3411	ok
seg005_10B2	seg005_10B2_3434	3434	ok
seg005_10B2	seg005_10B2_34B1	34B1	ok
seg005_10B2	seg005_10B2_352B	352B	ok
seg005_10B2	MultiplyDXCXAXBX_seg005_35FB	35FB	ok
seg005_10B2	seg005_10B2_3612	3612	ok
seg005_10B2	seg005_10B2_3633	3633	ok
seg005_10B2	Divide32BitNumbers_seg005_3636	3636	unverified
seg005_10B2	Divide32BitNumbers_seg005_363D	363D	unverified
seg005_10B2	seg005_10B2_3642	3642	ok
seg005_10B2	seg005_10B2_364D	364D	ok
seg005_10B2	BitShiftL_AXDX_BY_CX_seg005_10B2_36E4	36E4	ok
seg005_10B2	seg005_10B2_3705	3705	ok
seg005_10B2	BitShiftRight_seg005_10B2_3725	3725	ok
seg005_10B2	seg005_10B2_3743	3743	ok
seg005_10B2	seg005_10B2_37A3	37A3	ok
seg005_10B2	CopyArray_seg005_10B2_37CE	37CE	ok
seg005_10B2	seg005_10B2_37F0	37F0	ok
seg005_10B2	seg005_10B2_380D	380D	ok
seg005_10B2	seg005_10B2_3847	3847	ok
seg005_10B2	seg005_10B2_3880	3880	ok
seg005_10B2	seg005_10B2_389C	389C	ok
seg005_10B2	seg005_10B2_38BF	38BF	ok
seg005_10B2	seg005_10B2_391F	391F	ok
seg005_10B2	seg005_10B2_395F	395F	ok
seg005_10B2	seg005_10B2_3988	3988	ok
seg005_10B2	seg005_10B2_39A1	39A1	ok
seg005_10B2	seg005_10B2_39D6	39D6	ok
seg005_10B2	seg005_10B2_3A18	3A18	ok
seg005_10B2	seg005_10B2_3A6B	3A6B	ok
seg005_10B2	seg005_10B2_3A82	3A82	ok
seg005_10B2	seg005_10B2_3AA3	3AA3	unverified
seg005_10B2	seg005_10B2_3AA7	3AA7	unverified
seg005_10B2	seg005_10B2_3AAB	3AAB	unverified
seg005_10B2	seg005_10B2_3AAF	3AAF	unverified
seg006_1477	DropNPCRemains_seg006_5	5	ok
seg006_1477	seg006_1477_164	164	ok
seg006_1477	InitVariablesAndDelegates_seg006_1477_28E	28E	ok
seg006_1477	seg006_1477_367	367	ok
seg006_1477	SetALto0_seg006_1477_5F7	5F7	ok
seg006_1477	seg006_1477_5FE	5FE	ok
seg006_1477	CalculateMotionTopLevel_seg006_6CB	6CB	ok
seg006_1477	TraverseMultipleTiles_seg006_1477_6F6	6F6	ok
seg006_1477	TestTileTraversal_seg006_1056	1056	ok
seg006_1477	PathFindBetweenTiles_seg006_1477_12BB	12BB	ok
seg006_1477	seg006_1477_1843	1843	ok
seg006_1477	seg006_1477_1938	1938	ok
seg006_1477	TestBetweenPoints_seg006_1477_1BD1	1BD1	ok
seg006_1477	seg006_1477_2041	2041	ok
seg006_1477	seg006_1477_21D1	21D1	ok
seg006_1477	seg006_1477_220A	220A	ok
seg006_1477	UpdateSeg57TurningValues_seg006_1477_2244	2244	ok
seg006_1477	MaybeUpdatePathFlag_seg006_1477_23CB	23CB	ok
seg006_1477	seg006_1477_24A8	24A8	ok
seg006_1477	TurnTowardsPath_seg006_1477_2504	2504	ok
seg006_1477	seg006_1477_2679	2679	ok
seg006_1477	GetVectorHeading_seg006_1477_2862	2862	ok
seg006_1477	SetNPCTargetDestination_seg006_1477_28EA	28EA	ok
seg006_1477	NPC_Goto_seg006_1477_29A1	29A1	ok
seg006_1477	seg006_1477_3061	3061	ok
seg006_1477	NPCTryToOpenDoor_seg006_1477_3123	3123	ok
seg007_1798	NPCWanderUpdate_seg007_1798_1	1	ok
seg007_1798	seg007_1798_3E4	3E4	ok
seg007_1798	Goal8_seg007_1798_5DF	5DF	ok
seg007_1798	StandStillGoal_seg007_1798_6B0	6B0	ok
seg007_1798	NPC_Goal5_Attack_seg007_1798_891	891	ok
seg007_1798	ChooseMeleeAttackToMake_seg007_1798_AFF	AFF	ok
seg007_1798	AttackGoalSearchForTarget_seg007_E5D	E5D	ok
seg007_1798	TryToDoMagicAttack_seg007_1798_FF2	FF2	ok
seg007_1798	NPCStartMagicAttack_seg007_1798_109F	109F	ok
seg007_1798	seg007_1798_11FB	11FB	ok
seg007_1798	NPCGoal9_seg007_1798_12C6	12C6	ok
seg007_1798	NPCGoal6_seg007_1798_13FA	13FA	ok
seg007_1798	MaybeVectorsToPlayer_seg007_1798_181D	181D	ok
seg007_1798	GoalTalkto_seg007_1798_1937	1937	ok
seg007_1798	ReactToPlayerPresence_seg007_1AF6	1AF6	ok
seg007_1798	NPCGoalC_seg007_1798_1BF4	1BF4	ok
seg007_1798	SearchForGoalTarget_seg007_1798_1CEB	1CEB	ok
seg007_1798	TurnTowardsTarget_seg007_1798_1F1A	1F1A	ok
seg007_1798	seg007_1798_1FDC	1FDC	ok
seg007_1798	seg007_1798_2123	2123	ok
seg007_1798	GetPitchToGTarg_seg007_1798_22C1	22C1	ok
seg007_1798	seg007_1798_2356	2356	ok
seg007_1798	NPCInitialProcessing_seg007_2488	2488	ok
seg007_1798	NPCBehaviours_seg007_1798_2C4A	2C4A	ok
seg007_1798	GetDistancesToGTarg_seg007_326B	326B	ok
seg007_1798	seg007_1798_3383	3383	ok
seg007_1798	seg007_1798_340A	340A	ok
seg007_1798	SetNewGoalAndGtarg_seg007_348E	348E	ok
seg007_1798	ResetGoalAndGtarg_seg007_1798_34FD	34FD	ok
seg007_1798	ProcessDeath_seg007_1798_3577	3577	ok
seg007_1798	Death_seg007_1798_35CB	35CB	ok
seg007_1798	DamageNPC_seg007_1798_3622	3622	ok
seg007_1798	seg007_1798_3825	3825	ok
seg007_1798	ProcessMobileObjects_seg007_1798_3868	3868	ok
seg008_1B2A	SetPlayerDataOxB9_seg008_B	B	ok
seg008_1B2A	ProcessPlayerTileState_seg008_1B2A_3D	3D	ok
seg008_1B2A	EtherealVoidSpecialEffects_seg008_150	150	ok
seg008_1B2A	seg008_1B2A_216	216	ok
seg008_1B2A	PlayerMotionInitialCalc_seg008_5E3	5E3	ok
seg008_1B2A	PlacePlayerInTile_seg008_6D1	6D1	ok
seg008_1B2A	ApplyPlayerMotion_seg008_90D	90D	ok
seg008_1B2A	CalculateMotionFromCommand_seg008_BEC	BEC	ok
seg008_1B2A	StopFalling_seg008_D5B	D5B	ok
seg008_1B2A	seg008_1B2A_D85	D85	ok
seg008_1B2A	BouncePlayer_seg008_D9E	D9E	ok
seg008_1B2A	DoTrapScreenShake_seg008_DD6	DD6	ok
seg008_1B2A	QuakeTrap_seg008_DE7	DE7	ok
seg008_1B2A	UpdateMotionStateAndSwimming_seg008_E0C	E0C	ok
seg009	seg009_1	1	ok
seg009	seg009_6D	6D	ok
seg009	seg009_14A	14A	ok
seg009	seg009_19C	19C	ok
seg009	seg009_221	221	ok
seg009	seg009_265	265	ok
seg009	seg009_32C	32C	ok
seg009	seg009_34D	34D	ok
seg009	seg009_38C	38C	ok
seg010	seg010_4	4	ok
seg010	seg010_5A	5A	ok
seg010	RegisterEvent_seg010_83	83	ok
seg010	RegisterEventHandler_seg010_105	105	ok
seg010	seg010_175	175	ok
seg010	seg010_2B1	2B1	ok
seg010	seg010_3FD	3FD	ok
seg011_1CA3	seg011_1CA3_7	7	ok
seg011_1CA3	seg011_1CA3_2C	2C	ok
seg011_1CA3	SetGameLoopBitField_seg011_AF	AF	ok
seg012	seg012_B	B	ok
seg012	seg012_A6	A6	ok
seg012	seg012_BB	BB	ok
seg012	seg012_10F	10F	ok
seg012	seg012_12C	12C	ok
seg012	seg012_141	141	ok
seg012	seg012_15E	15E	ok
seg012	seg012_1B1	1B1	ok
seg013_1CC9	seg013_1CC9_E	E	ok
seg013_1CC9	seg013_1CC9_75	75	ok
seg013_1CC9	LikelyDrawCursor_seg013_1CC9_C1	C1	ok
seg013_1CC9	seg013_1CC9_D7	D7	ok
seg013_1CC9	seg013_1CC9_F8	F8	ok
seg013_1CC9	seg013_1CC9_115	115	ok
seg013_1CC9	seg013_1CC9_13A	13A	ok
seg013_1CC9	seg013_1CC9_254	254	ok
seg013_1CC9	GetPositionIn3dWindow_seg013_1CC9_2B9	2B9	ok
seg013_1CC9	seg013_1CC9_2CE	2CE	ok
seg013_1CC9	seg013_1CC9_2F8	2F8	ok
seg013_1CC9	seg013_1CC9_30A	30A	ok
seg013_1CC9	seg013_1CC9_318	318	ok
seg013_1CC9	seg013_1CC9_345	345	ok
seg013_1CC9	ClickEventRelated_seg013_1CC9_367	367	ok
seg013_1CC9	seg013_1CC9_3E4	3E4	ok
seg013_1CC9	seg013_1CC9_46D	46D	ok
seg013_1CC9	MaybeSetScreenSize_seg013_1CC9_48A	48A	ok
seg013_1CC9	seg013_1CC9_4A3	4A3	ok
seg013_1CC9	seg013_1CC9_4EF	4EF	ok
seg013_1CC9	seg013_1CC9_56B	56B	ok
seg013_1CC9	seg013_1CC9_604	604	ok
seg013_1CC9	seg013_1CC9_651	651	ok
seg013_1CC9	seg013_1CC9_65E	65E	ok
seg013_1CC9	seg013_1CC9_66B	66B	ok
seg013_1CC9	seg013_1CC9_6DC	6DC	ok
seg013_1CC9	ChangeCursor_seg013_73A	73A	ok
seg013_1CC9	seg013_1CC9_76C	76C	ok
seg013_1CC9	seg013_1CC9_7B6	7B6	ok
seg013_1CC9	seg013_1CC9_802	802	ok
seg013_1CC9	seg013_1CC9_868	868	ok
seg013_1CC9	seg013_1CC9_93C	93C	ok
seg013_1CC9	seg013_1CC9_BA8	BA8	ok
seg013_1CC9	seg013_1CC9_BE8	BE8	ok
seg013_1CC9	seg013_1CC9_C2F	C2F	ok
seg013_1CC9	seg013_1CC9_CF2	CF2	ok
seg013_1CC9	seg013_1CC9_D56	D56	ok
seg013_1CC9	seg013_1CC9_DBE	DBE	ok
seg013_1CC9	seg013_1CC9_E29	E29	ok
seg013_1CC9	seg013_1CC9_F8D	F8D	ok
seg014_1DC5	seg014_1DC5_1D	1D	ok
seg014_1DC5	seg014_1DC5_61	61	ok
seg014_1DC5	seg014_1DC5_216	216	ok
seg014_1DC5	seg014_1DC5_2EE	2EE	ok
seg014_1DC5	seg014_1DC5_3C1	3C1	ok
seg014_1DC5	LoadXMIFILE_seg014_41C	41C	ok
seg014_1DC5	seg014_1DC5_573	573	ok
seg014_1DC5	seg014_1DC5_60D	60D	ok
seg014_1DC5	seg014_1DC5_6DB	6DB	ok
seg014_1DC5	GetMusicFileNo_seg014_738	738	ok
seg014_1DC5	seg014_1DC5_740	740	ok
seg014_1DC5	seg014_1DC5_754	754	ok
seg014_1DC5	ToggleMusic_seg014_768	768	ok
seg014_1DC5	seg014_1DC5_7FC	7FC	ok
seg014_1DC5	seg014_1DC5_84B	84B	ok
seg014_1DC5	LoadSoundAtCoordinate_seg014_1DC5_8AE	8AE	ok
seg014_1DC5	PlaySoundEffectAtAvatar_seg014_1DC5_B1B	B1B	ok
seg014_1DC5	PlaySoundEffectAtObject_seg014_1DC5_B9C	B9C	ok
seg014_1DC5	seg014_1DC5_BFD	BFD	ok
seg014_1DC5	seg014_1DC5_C7C	C7C	ok
seg014_1DC5	LoadSoundsDat_seg014_E0E	E0E	ok
seg014_1DC5	seg014_1DC5_F19	F19	ok
seg014_1DC5	LoadBasicSound_seg014_1DC5_F69	F69	ok
seg014_1DC5	PlayMusicalInstrument_seg014_1195	1195	ok
seg014_1DC5	SpawnCupOfWonder_seg014_14C3	14C3	ok
seg014_1DC5	seg014_1DC5_154E	154E	ok
seg014_1DC5	seg014_1DC5_1569	1569	ok
seg014_1DC5	ChangeThemeMusic_seg014_15BA	15BA	ok
seg014_1DC5	PickLevelThemeMusic_seg014_15C5	15C5	ok
seg014_1DC5	seg014_1DC5_15DC	15DC	ok
seg014_1DC5	RefreshMusic_seg014_160D	160D	ok
seg014_1DC5	MaybeCheckThemeIsPlaying_seg014_1DC5_17C1	17C1	ok
seg014_1DC5	seg014_1DC5_17ED	17ED	ok
seg014_1DC5	seg014_1DC5_183A	183A	ok
seg014_1DC5	seg014_1DC5_191D	191D	ok
seg014_1DC5	seg014_1DC5_1925	1925	ok
seg014_1DC5	seg014_1DC5_1981	1981	ok
seg014_1DC5	seg014_1DC5_1B41	1B41	ok
seg014_1DC5	seg014_1DC5_1C78	1C78	ok
seg014_1DC5	seg014_1DC5_1CC6	1CC6	ok
seg014_1DC5	seg014_1DC5_1CDE	1CDE	ok
seg014_1DC5	seg014_1DC5_1D0D	1D0D	ok
seg015_1F9B	seg015_1F9B_E	E	ok
seg015_1F9B	seg015_1F9B_E8	E8	ok
seg015_1F9B	ClearData_seg015_1F9B_F8	F8	ok
seg015_1F9B	Strlen_seg015_1F9B_10E	10E	ok
seg015_1F9B	CopySubstring_seg015_1F9B_124	124	ok
seg015_1F9B	CopyStringToLocation_seg015_144	144	ok
seg015_1F9B	FindStringDelimiter_seg015_1F9B_179	179	ok
seg015_1F9B	seg015_1F9B_1A1	1A1	ok
seg015_1F9B	seg015_1F9B_1FC	1FC	ok
seg015_1F9B	seg015_1F9B_225	225	ok
seg015_1F9B	seg015_1F9B_25A	25A	ok
seg015_1F9B	seg015_1F9B_2A7	2A7	ok
seg015_1F9B	seg015_1F9B_325	325	ok
seg015_1F9B	seg015_1F9B_366	366	ok
seg017_1FDD	seg017_1FDD_1	1	ok
seg017_1FDD	seg017_1FDD_36	36	ok
seg017_1FDD	DetailLevel_seg017_50	50	ok
seg017_1FDD	seg017_1FDD_C5	C5	ok
seg017_1FDD	seg017_1FDD_343	343	ok
seg017_1FDD	StartRendering_seg017_526	526	ok
seg017_1FDD	seg017_1FDD_79A	79A	ok
seg017_1FDD	seg017_1FDD_880	880	ok
seg017_1FDD	seg017_1FDD_964	964	ok
seg017_1FDD	seg017_1FDD_A4A	A4A	ok
seg017_1FDD	seg017_1FDD_C1B	C1B	ok
seg017_1FDD	seg017_1FDD_DBC	DBC	ok
seg019	seg019_0	0	ok
seg019	seg019_17	17	ok
seg019	seg019_65	65	ok
seg019	seg019_A1	A1	ok
seg019	seg019_E9	E9	ok
seg019	seg019_112	112	ok
seg019	seg019_11B	11B	ok
seg019	seg019_150	150	ok
seg019	seg019_174	174	ok
seg019	seg019_189	189	ok
seg019	seg019_1D0	1D0	ok
seg019	seg019_228	228	ok
seg019	seg019_236	236	ok
seg019	seg019_244	244	ok
seg019	seg019_2B6	2B6	ok
seg019	seg019_2BD	2BD	ok
seg019	seg019_2EC	2EC	ok
seg019	seg019_30A	30A	unverified
seg019	seg019_375	375	unverified
seg019	seg019_380	380	unverified
seg019	seg019_38F	38F	ok
seg019	seg019_3A3	3A3	ok
seg019	seg019_3FD	3FD	ok
seg019	seg019_454	454	unverified
seg019	seg019_46B	46B	ok
seg019	seg019_4A8	4A8	ok
seg019	seg019_51C	51C	ok
seg019	seg019_554	554	ok
seg019	seg019_564	564	ok
seg019	seg019_579	579	ok
seg019	seg019_598	598	ok
seg019	seg019_5C8	5C8	ok
seg019	seg019_5E9	5E9	ok
seg019	seg019_680	680	ok
seg019	seg019_692	692	ok
seg019	seg019_6A0	6A0	unverified
seg019	seg019_6A6	6A6	ok
seg019	seg019_6C8	6C8	ok
seg019	seg019_6E7	6E7	ok
seg019	seg019_6F8	6F8	ok
seg019	seg019_703	703	ok
seg019	seg019_730	730	ok
seg019	seg019_73E	73E	unverified
seg019	seg019_755	755	ok
seg019	seg019_791	791	ok
seg019	seg019_971	971	ok
seg019	seg019_9AD	9AD	ok
seg019	seg019_9F0	9F0	ok
seg019	seg019_A30	A30	unverified
seg019	seg019_A34	A34	unverified
seg019	seg019_A38	A38	ok
seg019	seg019_A69	A69	ok
seg019	seg019_A78	A78	ok
seg019	seg019_B78	B78	ok
seg019	seg019_BA2	BA2	ok
seg019	seg019_BD4	BD4	ok
seg019	seg019_C00	C00	unverified
seg019	seg019_C34	C34	ok
seg019	seg019_C7E	C7E	unverified
seg019	seg019_C84	C84	ok
seg019	seg019_CB7	CB7	ok
seg019	seg019_D1D	D1D	ok
seg019	seg019_D7A	D7A	ok
seg019	seg019_E1A	E1A	ok
seg019	seg019_E63	E63	ok
seg019	seg019_EAE	EAE	ok
seg019	seg019_EFB	EFB	ok
seg019	GetSquareRoot_seg019_F3F	F3F	ok
seg019	seg019_F83	F83	ok
seg019	seg019_FDD	FDD	ok
seg019	seg019_1004	1004	ok
seg019	seg019_102B	102B	ok
seg020	seg020_3BA	3BA	ok
seg020	seg020_3F2	3F2	ok
seg020	seg020_4E1	4E1	ok
seg020	seg020_524	524	ok
seg020	seg020_55C	55C	ok
seg020	seg020_582	582	ok
seg020	seg020_5AB	5AB	ok
seg020	seg020_5D5	5D5	ok
seg020	seg020_620	620	ok
seg020	seg020_6B5	6B5	ok
seg020	seg020_6F9	6F9	ok
seg020	seg020_75E	75E	ok
seg020	seg020_80A	80A	ok
seg020	seg020_84E	84E	ok
seg020	seg020_86C	86C	ok
seg020	seg020_8B2	8B2	ok
seg020	seg020_8F8	8F8	ok
seg020	seg020_94D	94D	ok
seg020	seg020_9DE	9DE	ok
seg020	seg020_A96	A96	ok
seg020	seg020_ABC	ABC	unverified
seg020	seg020_AC2	AC2	ok
seg020	seg020_B6E	B6E	ok
seg020	seg020_BA1	BA1	unverified
seg020	seg020_BA7	BA7	unverified
seg020	seg020_BAD	BAD	unverified
seg020	seg020_BBF	BBF	unverified
seg020	seg020_BC5	BC5	unverified
seg020	seg020_BEF	BEF	unverified
seg020	seg020_BF5	BF5	unverified
seg020	seg020_BFB	BFB	unverified
seg020	seg020_C01	C01	unverified
seg020	seg020_C07	C07	unverified
seg020	seg020_C0D	C0D	unverified
seg020	seg020_C13	C13	unverified
seg020	seg020_C25	C25	unverified
seg020	seg020_C2B	C2B	unverified
seg020	seg020_C31	C31	unverified
seg020	seg020_C3D	C3D	unverified
seg020	seg020_C4F	C4F	unverified
seg020	seg020_C55	C55	unverified
seg020	seg020_C7F	C7F	unverified
seg020	seg020_C9D	C9D	unverified
seg020	seg020_CA9	CA9	unverified
seg021	seg021_5	5	ok
seg021	seg021_A7	A7	ok
seg022_230E	PickBodyHitPoint_seg022_A	A	ok
seg022_230E	TestForClosestAttackCollisionHit_seg022_83	83	ok
seg022_230E	SpawnImpactAnimo_seg022_2D2	2D2	ok
seg022_230E	CheckForAttackHit_seg022_466	466	ok
seg022_230E	CalculateAttackResults_seg022_230E_6B9	6B9	ok
seg022_230E	AttackerAppliesFinalDamage_seg022_8A5	8A5	ok
seg022_230E	CombatMissImpactSound_seg022_C29	C29	ok
seg022_230E	CalcFlankingBonus_seg022_230E_D48	D48	ok
seg022_230E	ExecuteAttack_seg022_D9C	D9C	ok
seg022_230E	CheckForAmmo_seg022_E78	E78	ok
seg022_230E	seg022_230E_F16	F16	ok
seg022_230E	CalculateAttackScorePlayer_seg022_FF6	FF6	ok
seg022_230E	seg022_230E_1116	1116	ok
seg022_230E	seg022_230E_1152	1152	ok
seg022_230E	EndCombat_seg022_1183	1183	ok
seg022_230E	PlayerCombat_seg022_11BA	11BA	ok
seg022_230E	MissileAttackHit_seg022_14BF	14BF	ok
seg022_230E	NPCExecuteAttack_seg022_15DE	15DE	ok
seg022_230E	seg022_230E_16F5	16F5	ok
seg022_230E	AwardKillEXP_seg022_1725	1725	ok
seg023	RemoveDoorLock_seg023_D	D	ok
seg023	RemoveObjectFromTile_seg023_9B	9B	ok
seg023	DamageObject_Debris_seg023_D6	D6	ok
seg023	ScaleDamageAgainstObject_seg023_2FF	2FF	ok
seg023	DamageObject_seg023_35A	35A	ok
seg023	DamageObjectAndDoors_seg023_3E7	3E7	ok
seg024_24DC	SwitchInventoryAndStatsEvent_seg024_F	F	ok
seg024_24DC	PrintCompassStatusMessage_seg024_32	32	ok
seg024_24DC	PrintFlaskHealthManaMessage_seg024_10F	10F	ok
seg024_24DC	seg024_24DC_26F	26F	ok
seg024_24DC	seg024_24DC_311	311	ok
seg024_24DC	seg024_24DC_34D	34D	ok
seg024_24DC	seg024_24DC_391	391	ok
seg024_24DC	PlayerUpdateTick_seg024_24DC_3A4	3A4	ok
seg024_24DC	seg024_24DC_506	506	ok
seg024_24DC	seg024_24DC_52B	52B	ok
seg024_24DC	seg024_24DC_65D	65D	ok
seg024_24DC	seg024_24DC_6B8	6B8	ok
seg024_24DC	seg024_24DC_8CA	8CA	ok
seg024_24DC	LookAtTexture_seg024_9D0	9D0	ok
seg024_24DC	seg024_24DC_A4E	A4E	ok
seg024_24DC	Pickup_seg024_A9E	A9E	ok
seg024_24DC	TalkTo_seg024_24DC_CEC	CEC	ok
seg024_24DC	seg024_24DC_D0A	D0A	ok
seg024_24DC	Look_seg024_24DC_D20	D20	ok
seg024_24DC	Use_seg024_24DC_E3F	E3F	ok
seg024_24DC	Combat_seg024_24DC_EB9	EB9	ok
seg024_24DC	ClickOnObject_seg024_24DC_EFF	EFF	ok
seg024_24DC	seg024_24DC_109B	109B	ok
seg024_24DC	seg024_24DC_11BE	11BE	ok
seg024_24DC	seg024_24DC_11FF	11FF	ok
seg024_24DC	seg024_24DC_1349	1349	ok
seg024_24DC	seg024_24DC_138F	138F	ok
seg024_24DC	SetInteractionMode_seg024_24DC_13D5	13D5	ok
seg024_24DC	DrawWeapon_seg024_1531	1531	ok
seg024_24DC	PutAwayWeapon_seg024_15C0	15C0	ok
seg024_24DC	ToggleWeapon_seg024_1608	1608	ok
seg024_24DC	seg024_24DC_1627	1627	ok
seg024_24DC	seg024_24DC_1660	1660	ok
seg025	InitPlayerProjectilesValues_seg025_D	D	ok
seg025	MissileRelease_seg025_9F	9F	ok
seg025	NPCMissileLaunch_seg025_262	262	ok
seg025	ProjectileSpell_seg025_2B1	2B1	ok
seg025	DropOrThrowByPlayer_seg025_355	355	ok
seg025	seg025_73C	73C	ok
seg025	PrepareProjectileObject_seg025_791	791	ok
seg025	seg025_B51	B51	ok
seg026	seg026_4	4	ok
seg026	seg026_1A5	1A5	ok
seg026	seg026_20D	20D	ok
seg026	seg026_2C4	2C4	ok
seg026	ProcessMotionTileHeights_seg026_379	379	ok
seg026	seg026_7F6	7F6	ok
seg026	CreateColllisionRecord_seg026_A60	A60	ok
seg026	ScanForCollisions_seg026_BF6	BF6	ok
seg026	SwapCollisionRecord_seg026_E5A	E5A	ok
seg026	SortCollisions_seg026_EBF	EBF	ok
seg026	CheckIfItemFitsInTile_seg026_1008	1008	ok
seg026	MoveObjectToCoordinates_seg026_122B	122B	ok
seg026	PlaceObjectAtNPC_seg026_12E5	12E5	ok
seg026	InsertObjectToList_seg026_133F	133F	ok
seg027_2861	ClearTileMap_seg027_2861_B	B	ok
seg027_2861	RunCodeOnObjectChain_seg027_117	117	ok
seg027_2861	ObjectCullingTest_seg027_2861_1A6	1A6	ok
seg027_2861	ObjectCulling_seg027_2861_226	226	ok
seg027_2861	seg027_2861_2E9	2E9	ok
seg027_2861	CullObjects_seg027_2861_329	329	ok
seg027_2861	GetFreeObject_seg027_446	446	ok
seg027_2861	AddToFreeObjectsList_seg027_4DD	4DD	ok
seg027_2861	InsertObjectToList_seg027_561	561	ok
seg027_2861	InsertObjectToList_seg027_2861_5CF	5CF	ok
seg027_2861	RemoveObjectFromLinkedList_seg027_659	659	ok
seg027_2861	RemoveObject_seg027_2861_6DD	6DD	ok
seg027_2861	ClearObjectChain_seg027_772	772	ok
seg027_2861	RemoveFromObjectChain_seg027_2861_831	831	ok
seg027_2861	GetNextOrLinkedObject_seg027_2861_88D	88D	ok
seg027_2861	ReverseObjectLookup_seg027_8F6	8F6	ok
seg027_2861	LookupObjectByIndex_seg027_940	940	ok
seg027_2861	seg027_2861_981	981	ok
seg027_2861	TestIfStaticOrMobile_seg027_A52	A52	ok
seg027_2861	seg027_2861_A70	A70	ok
seg027_2861	seg027_2861_A83	A83	ok
seg027_2861	FindMatchingObject_seg027_B36	B36	ok
seg027_2861	CheckIfItemID_Or_ContainsItemID_seg027_C36	C36	ok
seg027_2861	Find_ItemID_In_TileMap_seg027_C9F	C9F	ok
seg027_2861	seg027_2861_D44	D44	ok
seg027_2861	seg027_2861_E2D	E2D	ok
seg027_2861	seg027_2861_EF9	EF9	ok
seg027_2861	seg027_2861_F57	F57	ok
seg027_2861	seg027_2861_10E4	10E4	ok
seg028_2985	CancelActiveSpell_seg028_C	C	ok
seg028_2985	PlayerUpdates_seg028_2985_13D	13D	ok
seg028_2985	UpdateInventoryLightSources_seg028_2985_3B6	3B6	ok
seg028_2985	SwimSkillCheck_seg028_4AE	4AE	ok
seg028_2985	PlayerStatusEffectSpells_seg028_589	589	ok
seg029_29EE	seg029_29EE_3	3	ok
seg029_29EE	seg029_29EE_AD	AD	ok
seg029_29EE	CollideObjects_seg029_29EE_173	173	ok
seg029_29EE	InitMotionParams_seg029_29EE_3CC	3CC	ok
seg029_29EE	ApplyProjectileMotion_seg029_29EE_61A	61A	ok
seg029_29EE	seg029_29EE_A1F	A1F	ok
seg029_29EE	seg029_29EE_B3A	B3A	ok
seg029_29EE	ObjectHitsFloorTileDestroyTalismans_seg029_C6F	C6F	ok
seg029_29EE	seg029_29EE_100B	100B	ok
seg029_29EE	PlacedObjectCollison_seg029_104D	104D	ok
seg030_2B26	CalculateMotion_seg030_B	B	ok
seg030_2B26	seg030_2B26_91	91	ok
seg030_2B26	SetCollisionTarget_seg030_2B26_10C	10C	ok
seg030_2B26	InitalMotionCalc_seg030_410	410	ok
seg030_2B26	seg030_2B26_788	788	ok
seg030_2B26	seg030_2B26_7BD	7BD	ok
seg030_2B26	StoreNewXYZH_seg030_2B26_7FE	7FE	ok
seg030_2B26	LikelyTranslateXY_seg030_8A4	8A4	ok
seg030_2B26	seg030_2B26_A47	A47	ok
seg030_2B26	seg030_2B26_BDF	BDF	ok
seg030_2B26	seg030_2B26_C49	C49	ok
seg030_2B26	DoCollision_seg030_2B26_C93	C93	ok
seg030_2B26	MAYBEGRAVITYZ_seg030_FDF	FDF	ok
seg030_2B26	ProcessCollisions_seg030_115F	115F	ok
seg030_2B26	seg030_2B26_11F2	11F2	ok
seg030_2B26	GetCollisionHeightState_seg030_2B26_1259	1259	ok
seg030_2B26	DoTileCollisionMaybe_seg030_2B26_1640	1640	ok
seg030_2B26	seg030_2B26_170C	170C	ok
seg030_2B26	seg030_2B26_17F5	17F5	ok
seg031	seg031_D	D	ok
seg031	seg031_99	99	ok
seg031	seg031_189	189	ok
seg031	seg031_1FC	1FC	ok
seg031	seg031_246	246	ok
seg031	seg031_259	259	ok
seg031	seg031_2A6	2A6	ok
seg031	seg031_2F9	2F9	ok
seg031	renderrelated_seg031_351	351	ok
seg031	PositionCamera_seg031_396	396	ok
seg031	SomethingToDoWithShadeCalcs_seg031_4AB	4AB	ok
seg031	seg031_5B4	5B4	ok
seg031	seg031_67F	67F	ok
seg031	seg031_6A5	6A5	ok
seg031	seg031_6CB	6CB	ok
seg031	seg031_AF1	AF1	ok
seg031	seg031_C99	C99	ok
seg031	seg031_1010	1010	ok
seg031	seg031_115E	115E	ok
seg031	seg031_121A	121A	ok
seg032_2DCA	RenderingObjects_seg032_2DCA_5	5	ok
seg032_2DCA	seg032_2DCA_597	597	ok
seg032_2DCA	RenderDoor_seg032_2DCA_C56	C56	ok
seg033_2EEF	seg033_2EEF_9	9	ok
seg033_2EEF	seg033_2EEF_ED	ED	ok
seg033_2EEF	seg033_2EEF_143	143	ok
seg033_2EEF	seg033_2EEF_15E	15E	ok
seg033_2EEF	seg033_2EEF_233	233	ok
seg033_2EEF	seg033_2EEF_281	281	ok
seg033_2EEF	seg033_2EEF_329	329	ok
seg033_2EEF	seg033_2EEF_3CD	3CD	ok
seg033_2EEF	seg033_2EEF_406	406	ok
seg033_2EEF	seg033_2EEF_43B	43B	ok
seg034_2F89	seg034_2F89_0	0	ok
seg034_2F89	seg034_2F89_4E	4E	ok
seg034_2F89	seg034_2F89_1DA	1DA	ok
seg034_2F89	seg034_2F89_334	334	ok
seg034_2F89	seg034_2F89_406	406	ok
seg034_2F89	GameObjectLoop_seg034_2F89_518	518	ok
seg034_2F89	seg034_2F89_5C4	5C4	ok
seg034_2F89	PlayerMotion_seg034_2F89_604	604	ok
seg034_2F89	SurfaceFootsteps_seg034_2F89_713	713	ok
seg034_2F89	ApplyPlayerSneakScore_seg034_2F89_898	898	ok
seg034_2F89	WalkOnSurfaceTypes_seg034_93D	93D	ok
seg034_2F89	SetScreenShake_seg034_2F89_B6A	B6A	ok
seg034_2F89	PositionCameraAtObject_seg034_2F89_B99	B99	ok
seg035_3073	GetTile_seg035_9	9	ok
seg035_3073	PrepareNewObjectProps_seg035_3E	3E	ok
seg036_3087	seg036_3087_E	E	ok
seg036_3087	seg036_3087_B3	B3	ok
seg036_3087	seg036_3087_107	107	ok
seg036_3087	seg036_3087_16E	16E	ok
seg036_3087	seg036_3087_3BD	3BD	ok
seg036_3087	seg036_3087_3D5	3D5	ok
seg036_3087	UpdateUIAnim_seg036_3087_3DF	3DF	ok
seg036_3087	seg036_3087_5A5	5A5	ok
seg036_3087	ProbablyDrawFlask_seg036_6EC	6EC	ok
seg036_3087	Dragons_seg036_3087_A20	A20	ok
seg036_3087	seg036_3087_1080	1080	ok
seg036_3087	seg036_3087_110D	110D	ok
seg036_3087	seg036_3087_11B3	11B3	ok
seg036_3087	seg036_3087_1207	1207	ok
seg036_3087	seg036_3087_1347	1347	ok
seg036_3087	seg036_3087_136C	136C	ok
seg036_3087	seg036_3087_14C8	14C8	ok
seg036_3087	seg036_3087_1529	1529	ok
seg036_3087	seg036_3087_16C5	16C5	ok
seg036_3087	seg036_3087_1772	1772	ok
seg036_3087	seg036_3087_181B	181B	ok
seg036_3087	seg036_3087_18D1	18D1	ok
seg036_3087	RedrawPanel_seg036_1A25	1A25	ok
seg036_3087	seg036_3087_1AA0	1AA0	ok
seg036_3087	seg036_3087_1AD5	1AD5	ok
seg036_3087	seg036_3087_213B	213B	ok
seg036_3087	seg036_3087_230F	230F	ok
seg036_3087	seg036_3087_245D	245D	ok
seg036_3087	seg036_3087_25BA	25BA	ok
seg036_3087	seg036_3087_25CF	25CF	ok
seg036_3087	seg036_3087_25E3	25E3	ok
seg037_32E6	SkillCheck_seg037_32E6_C	C	ok
seg037_32E6	EXPChange_seg037_48	48	ok
seg037_32E6	RefreshPanels_seg037_32E6_1B9	1B9	ok
seg038_3307	GetNoMagicTileBit_seg038_4	4	ok
seg038_3307	SpellTrapWandCast_seg038_27	27	ok
seg038_3307	CastSpells_seg038_3307_78	78	ok
seg038_3307	ManaChange_seg038_2B6	2B6	ok
seg038_3307	PlayerHPRegenerationChange_seg038_3307_322	322	ok
seg038_3307	Change_Health_seg038_3BA	3BA	ok
seg038_3307	seg038_3307_42C	42C	ok
seg038_3307	MajorSpellClass9_CursedObjects_seg038_473	473	ok
seg038_3307	Class5ProjectileSpells_seg038_4EE	4EE	ok
seg038_3307	CreateObjectInTile_seg038_3307_564	564	ok
seg038_3307	RevealSpell_seg038_5C3	5C3	ok
seg038_3307	SheetLightning_seg038_66E	66E	ok
seg038_3307	FlameWind_seg038_3307_6FB	6FB	ok
seg038_3307	SmiteUndead_seg038_3307_7EA	7EA	ok
seg038_3307	Poison_seg038_3307_834	834	ok
seg038_3307	ApplyAttitudeChangingSpellToNPC_seg038_3307_889	889	ok
seg038_3307	Ally_seg038_3307_8F8	8F8	ok
seg038_3307	Confusion_seg038_973	973	ok
seg038_3307	CauseFear_seg038_3307_98F	98F	ok
seg038_3307	Paralyse_seg038_3307_9AB	9AB	ok
seg038_3307	RunCodeOnObjectsInArea_seg038_3307_9C7	9C7	ok
seg038_3307	RunCodeOnTargetsAroundObject_seg038_C77	C77	ok
seg038_3307	RunFunctionOnWhoAmIList_seg038_3307_D4E	D4E	ok
seg038_3307	Class6Spells_seg038_3307_DBA	DBA	ok
seg038_3307	Class7Spells_seg038_3307_E00	E00	ok
seg038_3307	Class8Spells_seg038_E45	E45	ok
seg038_3307	QuakeSpell_seg038_3307_1211	1211	ok
seg038_3307	DetectMonsterString_seg038_3307_12FD	12FD	ok
seg038_3307	DetectMonster_seg038_134E	134E	ok
seg038_3307	DoorAndTrapSpells_seg038_3307_1560	1560	ok
seg038_3307	MajorSpellClassB_seg038_1645	1645	ok
seg038_3307	DamageObjectsInTile_seg038_3307_182A	182A	ok
seg039_3495	seg039_3495_3	3	ok
seg039_3495	seg039_3495_83	83	ok
seg039_3495	GetStringByID_seg039_3495_8D	8D	ok
seg039_3495	seg039_3495_116	116	ok
seg039_3495	seg039_3495_21A	21A	ok
seg039_3495	seg039_3495_295	295	ok
seg039_3495	GetItemName_seg039_326	326	ok
seg039_3495	seg039_3495_3DE	3DE	ok
seg039_3495	WriteStringFromBlock1_seg039_3495_494	494	ok
seg039_3495	PrintMultipleBlock1Strings_seg039_4BD	4BD	ok
seg039_3495	seg039_3495_537	537	ok
seg039_3495	seg039_3495_5E4	5E4	ok
seg039_3495	GetString_seg039_604	604	ok
seg039_3495	seg039_3495_784	784	ok
seg039_3495	seg039_3495_7B5	7B5	ok
seg039_3495	seg039_3495_817	817	ok
seg039_3495	seg039_3495_85A	85A	ok
seg039_3495	seg039_3495_89D	89D	ok
seg039_3495	AppendString_seg039_90E	90E	ok
seg040_352B	ObjectUse_seg040_352B_2	2	ok
seg040_352B	ClearObject_seg040_354	354	ok
seg040_352B	SpawnObjectInHand_seg040_438	438	ok
seg040_352B	PickLock_seg040_498	498	ok
seg040_352B	UseKey_seg040_51D	51D	ok
seg040_352B	KeyLockpickUsage_seg040_575	575	ok
seg040_352B	UseObjectWithPrompt_seg040_5BA	5BA	ok
seg040_352B	SpikeDoor_seg040_662	662	ok
seg040_352B	SpikeDoor_seg040_352B_6F9	6F9	ok
seg040_352B	UseBones_seg040_719	719	ok
seg040_352B	UsePole_seg040_882	882	ok
seg040_352B	ItemRepair_seg040_352B_8CF	8CF	ok
seg040_352B	seg040_352B_919	919	ok
seg040_352B	seg040_352B_9EA	9EA	ok
seg040_352B	TybalsOrb_seg040_A12	A12	ok
seg040_352B	seg040_352B_AFF	AFF	ok
seg040_352B	Major_4_Minor_1_ObjectUsage_seg040_B84	B84	ok
seg040_352B	LightUsage_seg040_C86	C86	ok
seg040_352B	WandUsage_seg040_E21	E21	ok
seg040_352B	Eat_seg040_F0E	F0E	ok
seg040_352B	RockHammerUsage_seg040_139E	139E	ok
seg040_352B	OilUsage_seg040_1580	1580	ok
seg040_352B	Class_4_2_ObjectUsage_seg040_352B_16C4	16C4	ok
seg040_352B	UseReadable_seg040_352B_19A8	19A8	ok
seg040_352B	seg040_352B_1B35	1B35	ok
seg040_352B	UnlockDoor_seg040_352B_1D3B	1D3B	ok
seg040_352B	CastSpellFromObject_seg040_1F04	1F04	ok
seg040_352B	TriggerObjectLink_seg040_1FF6	1FF6	ok
seg040_352B	seg040_352B_20CD	20CD	ok
seg040_352B	seg040_352B_212E	212E	ok
seg040_352B	OpenDoor_seg040_352B_21E6	21E6	ok
seg040_352B	CloseDoor_seg040_352B_22FD	22FD	ok
seg040_352B	DoorToggle_seg040_352B_23B7	23B7	ok
seg040_352B	EmptyContainer_seg040_352B_23EC	23EC	ok
seg040_352B	UseDoorOrContainer_seg040_352B_2494	2494	ok
seg040_352B	seg040_352B_254B	254B	ok
seg040_352B	GetItemEnchantment_seg040_352B_257C	257C	ok
seg040_352B	seg040_352B_26F0	26F0	ok
seg040_352B	MagicChargeUpdate_seg040_352B_2723	2723	ok
seg041_37AA	seg041_37AA_2	2	ok
seg041_37AA	GetCoordinateInDirection_seg041_4D	4D	ok
seg041_37AA	EndMantra_seg041_E8	E8	ok
seg041_37AA	DiceRoll_seg041_11E	11E	ok
seg042	seg042_5	5	ok
seg042	seg042_E5	E5	ok
seg042	seg042_118	118	ok
seg042	seg042_190	190	ok
seg042	seg042_19B	19B	ok
seg042	seg042_1C1	1C1	ok
seg042	seg042_223	223	ok
seg042	seg042_276	276	ok
seg043_37F0	seg043_37F0_6	6	ok
seg043_37F0	seg043_37F0_2F	2F	ok
seg043_37F0	seg043_37F0_4E	4E	ok
seg043_37F0	seg043_37F0_64	64	ok
seg043_37F0	seg043_37F0_7A	7A	ok
seg043_37F0	seg043_37F0_90	90	ok
seg043_37F0	seg043_37F0_11E	11E	ok
seg043_37F0	seg043_37F0_163	163	ok
seg043_37F0	seg043_37F0_1CA	1CA	ok
seg043_37F0	WriteTextWithMore_seg043_37F0_257	257	ok
seg043_37F0	WriteMultipleStringsToMessageScroll_seg043_37F0_2EA	2EA	ok
seg043_37F0	seg043_37F0_41A	41A	ok
seg043_37F0	seg043_37F0_46C	46C	ok
seg043_37F0	seg043_37F0_4BF	4BF	ok
seg043_37F0	seg043_37F0_6A9	6A9	ok
seg043_37F0	seg043_37F0_7A1	7A1	ok
seg043_37F0	seg043_37F0_8EB	8EB	ok
seg043_37F0	seg043_37F0_97B	97B	ok
seg043_37F0	seg043_37F0_9F1	9F1	ok
seg043_37F0	ProcessTypedInput_seg043_37F0_A5E	A5E	ok
seg043_37F0	AskAYesNoQuestion_seg043_F51	F51	ok
seg044	seg044_4	4	ok
seg044	seg044_7E	7E	ok
seg044	seg044_E9	E9	ok
seg044	MoveAnimationOverlayLink_seg044_3AE	3AE	ok
seg044	ProbablyCreateAnimo_seg044_41E	41E	ok
seg044	seg044_53C	53C	ok
seg044	seg044_6F9	6F9	ok
seg044	SpawnMultipleAnimoCopies_seg044_794	794	ok
seg044	DetonateProjectile_seg044_95A	95A	ok
seg044	SpawnClass7Object_seg044_A33	A33	ok
seg044	seg044_CB0	CB0	ok
seg044	seg044_CFC	CFC	ok
seg044	seg044_D28	D28	ok
seg044	seg044_D50	D50	ok
seg044	seg044_EF3	EF3	ok
seg044	seg044_F54	F54	ok
seg045	seg045_B	B	ok
seg045	seg045_E6	E6	ok
seg045	seg045_FC	FC	ok
seg045	seg045_10B	10B	ok
seg045	seg045_11E	11E	ok
seg045	seg045_272	272	ok
seg046	seg046_17	17	ok
seg046	seg046_13C	13C	ok
seg046	seg046_1AF	1AF	ok
seg046	seg046_1BB	1BB	ok
seg046	seg046_1FB	1FB	ok
seg046	seg046_258	258	ok
seg046	seg046_27E	27E	ok
seg046	seg046_28E	28E	ok
seg046	seg046_30E	30E	ok
seg046	seg046_3DB	3DB	ok
seg046	seg046_414	414	ok
seg046	seg046_459	459	ok
seg046	seg046_54D	54D	ok
seg046	seg046_597	597	ok
seg046	seg046_612	612	ok
seg046	seg046_62A	62A	ok
seg046	seg046_665	665	ok
seg046	seg046_686	686	ok
seg046	seg046_6A4	6A4	ok
seg046	seg046_6D7	6D7	ok
seg046	seg046_728	728	ok
seg046	seg046_746	746	ok
seg046	seg046_752	752	ok
seg046	seg046_778	778	ok
seg046	seg046_794	794	ok
seg046	seg046_7A0	7A0	ok
seg046	seg046_8DE	8DE	ok
seg046	seg046_BC2	BC2	ok
seg046	seg046_C15	C15	ok
seg046	seg046_C21	C21	ok
seg046	seg046_CC8	CC8	ok
seg046	seg046_CF7	CF7	ok
seg046	seg046_D80	D80	ok
seg046	seg046_E32	E32	ok
seg046	seg046_EC1	EC1	ok
seg046	seg046_1071	1071	ok
seg046	seg046_119D	119D	ok
ovr089	ovr089_0	0	ok
ovr089	ovr089_17	17	ok
ovr090	ovr090_0	0	ok
ovr090	ovr090_5	5	ok
ovr090	ovr090_13	13	ok
ovr090	ovr090_18	18	ok
ovr090	ovr090_1D	1D	ok
ovr090	ovr090_22	22	ok
ovr090	ovr090_27	27	ok
ovr091	ovr091_0	0	ok
ovr091	ovr091_153	153	ok
ovr091	ovr091_22C	22C	ok
ovr091	ovr091_61A	61A	ok
ovr091	ovr091_72E	72E	ok
ovr091	ovr091_798	798	ok
ovr092	OpenAutomap_ovr092_0	0	ok
ovr092	ovr092_97	97	ok
ovr092	ovr092_11E	11E	ok
ovr092	ovr092_14E	14E	ok
ovr092	ovr092_1D0	1D0	ok
ovr092	ovr092_1E5	1E5	ok
ovr092	ovr092_327	327	ok
ovr092	ovr092_41F	41F	ok
ovr092	ovr092_48B	48B	ok
ovr092	ovr092_66F	66F	ok
ovr092	ovr092_767	767	ok
ovr092	ovr092_7AE	7AE	ok
ovr092	ovr092_8A6	8A6	ok
ovr092	ovr092_D80	D80	ok
ovr092	ovr092_E3C	E3C	ok
ovr092	ovr092_F0A	F0A	ok
ovr092	ovr092_F66	F66	ok
ovr092	ovr092_10E8	10E8	ok
ovr092	ovr092_113C	113C	ok
ovr093	ovr093_0	0	ok
ovr093	MaybeAllocateConversationData_ovr093_31	31	ok
ovr093	ovr093_1D3	1D3	ok
ovr093	ovr093_36D	36D	ok
ovr093	ovr093_54A	54A	ok
ovr093	ovr093_65A	65A	ok
ovr093	ovr093_715	715	ok
ovr093	LoadNPCConversation_ovr093_7C7	7C7	ok
ovr093	ovr093_9B0	9B0	ok
ovr093	ovr093_9F8	9F8	ok
ovr093	Random_ovr093_A4D	A4D	ok
ovr093	ovr093_ADB	ADB	ok
ovr093	ovr093_BE7	BE7	ok
ovr093	Compare_ovr093_D41	D41	ok
ovr093	Plural_ovr093_E8E	E8E	ok
ovr093	Contains_ovr093_ED4	ED4	ok
ovr093	Append_ovr093_1003	1003	ok
ovr093	Copy_ovr093_10C0	10C0	ok
ovr093	Find_ovr093_112F	112F	ok
ovr093	Length_ovr093_1186	1186	ok
ovr093	Val_ovr093_11AB	11AB	ok
ovr093	ConversationTextVariableReplacement_ovr093_11D0	11D0	ok
ovr093	GetStringReplacementNumberValue_ovr093_1428	1428	ok
ovr093	ovr093_152B	152B	ok
ovr093	ovr093_172A	172A	ok
ovr093	ovr093_174D	174D	ok
ovr093	Conversation_VM_ovr093_176E	176E	ok
ovr093	OPADD_ovr093_1B48	1B48	ok
ovr093	OPNEG_ovr093_1B81	1B81	ok
ovr093	OPMUL_ovr093_1BA5	1BA5	ok
ovr093	OPSUB_ovr093_1BDE	1BDE	ok
ovr093	OPAND_ovr093_1CFC	1CFC	ok
ovr093	TSTGT_ovr093_1D41	1D41	ok
ovr093	TSTGE_ovr093_1D83	1D83	ok
ovr093	TSTLT_ovr093_1DC5	1DC5	ok
ovr093	TSTLE_ovr093_1E07	1E07	ok
ovr093	TSTEQ_ovr093_1E49	1E49	ok
ovr093	TSTNE_ovr093_1E8B	1E8B	ok
ovr093	CALL_ovr093_1ECD	1ECD	ok
ovr093	RET_ovr093_1EFB	1EFB	ok
ovr093	FETCHM_ovr093_1F23	1F23	ok
ovr093	OFFSET_ovr093_1F50	1F50	ok
ovr093	STO_ovr093_1F8A	1F8A	ok
ovr093	CallImportedFunction_ovr093_1FBD	1FBD	ok
ovr093	STRCMP_ovr093_203A	203A	ok
ovr093	SAY_OP_ovr093_211B	211B	ok
ovr093	RESPOND_OP_ovr093_21C3	21C3	ok
ovr093	ovr093_226B	226B	ok
ovr093	GetConvoStackValue_ovr093_2280	2280	ok
ovr093	ovr093_2293	2293	ok
ovr093	GetValueAtBasePTRPlusArg0_ovr093_22A9	22A9	ok
ovr093	AddImportedFunction_ovr093_22BF	22BF	ok
ovr093	ImportConverstionVariable_ovr093_232D	232D	ok
ovr093	RetrieveConversationVariable_ovr093_23D4	23D4	ok
ovr093	ovr093_2453	2453	ok
ovr094	ovr094_0	0	ok
ovr094	set_attitude_ovr094_21	21	ok
ovr094	set_race_attitude_ovr094_5C	5C	ok
ovr094	x_skills_ovr094_1D3	1D3	ok
ovr094	x_traps_ovr094_236	236	ok
ovr094	place_object_ovr094_27F	27F	ok
ovr094	take_from_npc_inv_ovr094_456	456	ok
ovr094	add_to_npc_inv_ovr094_4BE	4BE	ok
ovr094	remove_taker_ovr094_4F2	4F2	ok
ovr094	set_quest_ovr094_53D	53D	ok
ovr094	GetQuest_ovr094_5B8	5B8	ok
ovr094	sex_ovr094_624	624	ok
ovr094	GronkDoor_ovr094_649	649	ok
ovr094	x_obj_stuff_ovr094_74A	74A	ok
ovr094	x_obj_pos_ovr094_A03	A03	ok
ovr095	SetupToBarter_ovr095_0	0	ok
ovr095	ovr095_1A5	1A5	ok
ovr095	end_barter_ovr095_3C2	3C2	ok
ovr095	ovr095_48C	48C	ok
ovr095	ovr095_4D3	4D3	ok
ovr095	ovr095_52F	52F	ok
ovr095	ovr095_58B	58B	ok
ovr095	ovr095_5F9	5F9	ok
ovr095	ovr095_63D	63D	ok
ovr095	ovr095_683	683	ok
ovr095	ovr095_A06	A06	ok
ovr095	ovr095_B80	B80	ok
ovr095	ovr095_C22	C22	ok
ovr095	ovr095_C77	C77	ok
ovr095	ovr095_DCA	DCA	ok
ovr095	do_decline_ovr095_E73	E73	ok
ovr095	ovr095_F07	F07	ok
ovr095	ovr095_10DC	10DC	ok
ovr095	do_offer_ovr095_110F	110F	ok
ovr095	do_demand_ovr095_12BA	12BA	ok
ovr095	do_decline_ovr095_14D1	14D1	ok
ovr095	TradeAppraisal_ovr095_14DE	14DE	ok
ovr095	ovr095_1647	1647	ok
ovr095	ovr095_16B1	16B1	ok
ovr095	ovr095_17B9	17B9	ok
ovr095	GetSelectedPlayerTradeItems_ovr095_17F7	17F7	ok
ovr095	AddObjectToConversationNPCInventory_ovr095_185A	185A	ok
ovr095	TransferItemToNPC_ovr095_1995	1995	ok
ovr095	find_inv_ovr095_19FD	19FD	ok
ovr095	take_from_npc_ovr095_1AB1	1AB1	ok
ovr095	take_id_from_npc_ovr095_1C42	1C42	ok
ovr095	ovr095_1D97	1D97	ok
ovr095	ovr095_1EFC	1EFC	ok
ovr095	set_likes_dislikes_ovr095_1F7B	1F7B	ok
ovr095	ovr095_1FAD	1FAD	ok
ovr096	ovr096_0	0	ok
ovr096	ovr096_5	5	ok
ovr096	ovr096_A	A	ok
ovr096	ovr096_12	12	ok
ovr096	ovr096_17	17	ok
ovr096	ovr096_1C	1C	ok
ovr096	ovr096_21	21	ok
ovr098	InitPlayer_ovr098_0	0	ok
ovr098	ovr098_258	258	ok
ovr098	ovr098_347	347	ok
ovr098	ovr098_497	497	ok
ovr098	ovr098_555	555	ok
ovr098	ovr098_582	582	ok
ovr098	ovr098_65B	65B	ok
ovr098	ovr098_94A	94A	ok
ovr098	ovr098_AAF	AAF	ok
ovr098	MaybeShrine_ovr098_C44	C44	ok
ovr098	ovr098_F67	F67	ok
ovr098	ovr098_14AD	14AD	ok
ovr098	ovr098_14CF	14CF	ok
ovr098	ovr098_150E	150E	ok
ovr098	ovr098_1797	1797	ok
ovr099	ovr099_0	0	ok
ovr099	ovr099_16	16	ok
ovr099	ovr099_15A	15A	ok
ovr099	ovr099_179	179	ok
ovr099	RotwormStew_ovr099_1B2	1B2	ok
ovr100	TalkTo_ovr100_0	0	ok
ovr100	ovr100_197	197	ok
ovr100	ovr100_1B9	1B9	ok
ovr100	BeginConversation_ovr100_1E1	1E1	ok
ovr100	ovr100_5DD	5DD	ok
ovr100	ovr100_603	603	ok
ovr100	InitConversation_ovr100_608	608	ok
ovr100	ovr100_97D	97D	ok
ovr100	babl_menu_ovr100_A4D	A4D	ok
ovr100	babl_fmenu_ovr100_C2C	C2C	ok
ovr100	ovr100_E50	E50	ok
ovr100	Say_ovr100_F4C	F4C	ok
ovr100	Respond_ovr100_FB3	FB3	ok
ovr100	ovr100_1006	1006	ok
ovr100	print_ovr100_106D	106D	ok
ovr100	pause_ovr100_1124	1124	ok
ovr100	babl_ask_ovr100_1157	1157	ok
ovr100	shov_inv_ovr100_11E5	11E5	ok
ovr100	find_barter_ovr100_126C	126C	ok
ovr100	find_barter_total_ovr100_131A	131A	ok
ovr100	give_to_npc_ovr100_1465	1465	ok
ovr100	give_ptr_npc_ovr100_154D	154D	ok
ovr100	do_inv_delete_ovr100_161F	161F	ok
ovr100	find_inv_ovr100_163A	163A	ok
ovr100	take_from_npc_ovr100_1665	1665	ok
ovr100	take_id_from_npc_ovr100_1680	1680	ok
ovr100	do_inv_create_ovr100_169B	169B	ok
ovr100	identify_inv_ovr100_16B6	16B6	ok
ovr100	count_inv_ovr100_18A8	18A8	ok
ovr100	check_inv_quality_ovr100_1904	1904	ok
ovr100	set_inv_quality_ovr100_193A	193A	ok
ovr101	ovr101_0	0	ok
ovr101	ovr101_17	17	ok
ovr101	ovr101_2E	2E	ok
ovr101	ovr101_5E	5E	ok
ovr103	ImportConversationVariables_ovr103_0	0	ok
ovr103	RetrieveImportedVariablesAfterConversation_ovr103_492	492	ok
ovr104	SetGoalAndGtarg_ovr104_0	0	ok
ovr104	ovr104_3E	3E	ok
ovr104	ovr104_BB	BB	ok
ovr104	CalmNPCS_ovr104_115	115	ok
ovr104	CalmMobileObjects_ovr104_40D	40D	ok
ovr104	ResetMobileObjects_ovr104_536	536	ok
ovr104	ovr104_67E	67E	ok
ovr104	CheckNearbyNPCHunger_ovr104_6F1	6F1	ok
ovr104	ovr104_71C	71C	ok
ovr104	UpdateNearByNPCMovements_ovr104_B80	B80	ok
ovr104	LoadCombatState_ovr104_BAB	BAB	ok
ovr104	SaveCombatState_ovr104_BDF	BDF	ok
ovr104	ovr104_C23	C23	ok
ovr104	AngerNPCByIllegalAction_ovr104_C37	C37	ok
ovr104	ovr104_E4C	E4C	ok
ovr105	ovr105_0	0	ok
ovr105	ovr105_10	10	ok
ovr105	ovr105_54	54	ok
ovr105	ovr105_5E	5E	ok
ovr105	ovr105_9A	9A	ok
ovr105	ovr105_13D	13D	ok
ovr105	ovr105_1A4	1A4	ok
ovr105	ovr105_1EC	1EC	ok
ovr105	ovr105_275	275	ok
ovr105	ovr105_2E1	2E1	ok
ovr105	ovr105_3AB	3AB	ok
ovr105	CutsceneDisplayString_ovr105_3B6	3B6	ok
ovr105	Cutscene_1_SetFlag_ovr105_5B6	5B6	ok
ovr105	CutsceneNOP_ovr105_5C5	5C5	ok
ovr105	Cutscene_3_Pause_ovr105_5CD	5CD	ok
ovr105	Cutscene_14_Wait_ovr105_5FA	5FA	ok
ovr105	Cutscene4_PlayToFrame_ovr105_641	641	ok
ovr105	Cutscene5_UNK_ovr105_682	682	ok
ovr105	Cutscene_End_ovr105_691	691	ok
ovr105	Cutscene_RepeatSeg_ovr105_6A5	6A5	ok
ovr105	Cutscene_8_ChangeFile_ovr105_6CC	6CC	ok
ovr105	Cutscene_13_TextAndSound_ovr105_719	719	ok
ovr105	Cutscene_9_FadeOut_ovr105_77C	77C	ok
ovr105	Cutscene_10_FadeIn_ovr105_79E	79E	ok
ovr105	Cutscene_11_Unk_ovr105_7C0	7C0	ok
ovr105	Cutscene_12_Unknown_ovr105_7FD	7FD	ok
ovr105	Cutscene_15_KLANG_ovr105_81B	81B	ok
ovr105	ovr105_830	830	ok
ovr105	CutsceneDataProcessing_ovr105_869	869	ok
ovr105	PlayCutscene_ovr105_1402	1402	ok
ovr105	ovr105_14E3	14E3	ok
ovr105	OpenCutsFile_ovr105_14F6	14F6	ok
ovr105	ovr105_1639	1639	ok
ovr106	ovr106_0	0	ok
ovr106	SetBasePtrToStackPtr_ovr106_1B	1B	ok
ovr106	ovr106_20	20	ok
ovr107	ovr107_0	0	ok
ovr107	Teleport_ovr107_949	949	ok
ovr107	ChangeTile_ovr107_9F8	9F8	ok
ovr107	DamageTrap_ovr107_CB2	CB2	ok
ovr107	SpellTrap_ovr107_D74	D74	ok
ovr107	Fishing_ovr107_DC4	DC4	ok
ovr107	Bullfrog_ovr107_EA1	EA1	ok
ovr107	EmeraldDoTrap_ovr107_100B	100B	ok
ovr107	TrespassTrap_ovr107_11B9	11B9	ok
ovr107	do_trap_platform_ovr107_11D2	11D2	ok
ovr107	ExplodingBook_ovr107_1259	1259	ok
ovr107	TalkingDoor_ovr107_1319	1319	ok
ovr107	ArialTalking_ovr107_1373	1373	ok
ovr107	RemoveObject_ovr107_138A	138A	ok
ovr107	TyballDeath_ovr107_13D1	13D1	ok
ovr107	SpecialDeathCases_ovr107_149F	149F	ok
ovr107	GetItemDurability_ovr107_15CF	15CF	ok
ovr107	ovr107_163C	163C	ok
ovr107	ItemRepair_ovr107_1754	1754	ok
ovr107	ResetObjectIdentification_ovr107_1946	1946	ok
ovr107	ResetObjectIdentifcation_ovr107_19BC	19BC	ok
ovr109	ovr109_0	0	ok
ovr109	ovr109_4A	4A	ok
ovr109	ovr109_1B4	1B4	ok
ovr109	SplashScreen_ovr109_1F4	1F4	ok
ovr109	ovr109_20C	20C	ok
ovr109	ovr109_2A0	2A0	ok
ovr109	ResetMap_ovr109_2AB	2AB	ok
ovr109	ovr109_2C4	2C4	ok
ovr109	ShowMapAndOtherFullScreenUIs_ovr109_2FF	2FF	ok
ovr109	ovr109_36E	36E	ok
ovr109	ovr109_37B	37B	ok
ovr109	ovr109_428	428	ok
ovr109	ovr109_43C	43C	ok
ovr109	DeathEndGame_ovr109_4FB	4FB	ok
ovr109	soundrelated_ovr109_5D4	5D4	ok
ovr109	DividByZeroError_ovr109_5DE	5DE	ok
ovr109	Teleport_ovr109_62D	62D	ok
ovr109	ovr109_740	740	ok
ovr110	ovr110_0	0	ok
ovr110	ovr110_AB	AB	ok
ovr110	CanNoLongerRunError_ovr110_C7	C7	ok
ovr110	ovr110_153	153	ok
ovr112	ovr112_0	0	ok
ovr112	ovr112_149	149	ok
ovr112	ovr112_194	194	ok
ovr112	ovr112_1C3	1C3	ok
ovr112	ovr112_2A3	2A3	ok
ovr112	ovr112_420	420	ok
ovr113	ovr113_0	0	ok
ovr113	ovr113_1CE	1CE	ok
ovr113	ovr113_22A	22A	ok
ovr113	ovr113_2A2	2A2	ok
ovr113	ovr113_35B	35B	ok
ovr113	ovr113_3CD	3CD	ok
ovr114	ovr114_0	0	ok
ovr114	OpenFont_ovr114_35	35	ok
ovr114	ovr114_BD	BD	ok
ovr114	ovr114_CC	CC	ok
ovr114	ovr114_FB	FB	ok
ovr114	GetPalette_ovr114_15A	15A	ok
ovr114	ovr114_188	188	ok
ovr114	ovr114_1B3	1B3	ok
ovr114	ovr114_2B9	2B9	ok
ovr114	ovr114_3A1	3A1	ok
ovr114	ovr114_3E4	3E4	ok
ovr114	ovr114_47A	47A	ok
ovr114	ovr114_491	491	ok
ovr114	ovr114_4A8	4A8	ok
ovr114	ovr114_4BF	4BF	ok
ovr114	ProbablyFlashColour_ovr114_4D6	4D6	ok
ovr114	DoTrapCamera_ovr114_4FE	4FE	ok
ovr115	ovr115_0	0	ok
ovr115	ovr115_89	89	ok
ovr115	ovr115_1AB	1AB	ok
ovr115	ovr115_1C6	1C6	ok
ovr115	ovr115_27F	27F	ok
ovr115	ovr115_2D3	2D3	ok
ovr115	ovr115_314	314	ok
ovr115	ovr115_354	354	ok
ovr115	ovr115_3C3	3C3	ok
ovr115	ovr115_438	438	ok
ovr115	ovr115_443	443	ok
ovr115	ovr115_44F	44F	ok
ovr115	ovr115_4CC	4CC	ok
ovr115	DecodeArtFile_ovr115_525	525	ok
ovr115	ovr115_5F6	5F6	ok
ovr115	ovr115_624	624	ok
ovr115	ovr115_648	648	ok
ovr115	ovr115_66E	66E	ok
ovr115	ReadGRFile_ovr115_771	771	ok
ovr115	ovr115_79F	79F	ok
ovr115	ovr115_7DC	7DC	ok
ovr115	ovr115_813	813	ok
ovr115	ovr115_83E	83E	ok
ovr115	ovr115_9D3	9D3	ok
ovr116	ovr116_0	0	ok
ovr116	ovr116_3A	3A	ok
ovr117	ClickOnInventorySlot_ovr117_0	0	ok
ovr117	ovr117_192	192	ok
ovr117	ovr117_1DF	1DF	ok
ovr117	ovr117_26B	26B	ok
ovr117	ovr117_321	321	ok
ovr117	ovr117_3EA	3EA	ok
ovr117	ovr117_49E	49E	ok
ovr117	ovr117_67C	67C	ok
ovr117	ovr117_A2C	A2C	ok
ovr117	ovr117_A50	A50	ok
ovr117	ovr117_B2D	B2D	ok
ovr117	ovr117_E49	E49	ok
ovr117	ovr117_FD1	FD1	ok
ovr118	ovr118_0	0	ok
ovr118	ovr118_12C	12C	ok
ovr118	ovr118_206	206	ok
ovr118	ovr118_2E6	2E6	ok
ovr118	ovr118_33A	33A	ok
ovr118	ovr118_354	354	ok
ovr118	ovr118_376	376	ok
ovr118	ovr118_3CB	3CB	ok
ovr118	ClearObjectList_ovr118_4BE	4BE	ok
ovr118	ovr118_573	573	ok
ovr118	ovr118_639	639	ok
ovr119	ovr119_0	0	ok
ovr119	ovr119_64	64	ok
ovr119	ovr119_7D	7D	ok
ovr119	ovr119_DF	DF	ok
ovr119	ovr119_140	140	ok
ovr119	ovr119_16E	16E	ok
ovr119	NotASpellError_ovr119_2B8	2B8	ok
ovr119	LookAtActiveSpell_ovr119_2C9	2C9	ok
ovr119	PlayerAttemptsSpellCast_ovr119_399	399	ok
ovr119	SpellErrorMessage_ovr119_465	465	ok
ovr119	PlayerCastsValidSpell_ovr119_488	488	ok
ovr120	ovr120_0	0	ok
ovr120	GetItemInSlot_ovr120_15	15	ok
ovr120	ovr120_2C	2C	ok
ovr120	ovr120_57	57	ok
ovr120	ovr120_14A	14A	ok
ovr120	FindObjectInInventory_ovr120_21C	21C	ok
ovr120	ovr120_44C	44C	ok
ovr120	ovr120_53F	53F	ok
ovr120	ovr120_5A4	5A4	ok
ovr120	ovr120_5BB	5BB	ok
ovr120	RemoveObjectFromInventory_ovr120_5D0	5D0	ok
ovr120	RemoveQTYFromPlayerInventory_ovr120_5E5	5E5	ok
ovr120	ovr120_795	795	ok
ovr120	ovr120_81D	81D	ok
ovr120	ovr120_8A5	8A5	ok
ovr120	ovr120_8D5	8D5	ok
ovr120	ovr120_BA2	BA2	ok
ovr120	ovr120_C0F	C0F	ok
ovr120	ovr120_DDD	DDD	ok
ovr120	ovr120_E74	E74	ok
ovr121	ovr121_0	0	ok
ovr121	ovr121_48	48	ok
ovr121	ovr121_1E5	1E5	ok
ovr121	ovr121_1EA	1EA	ok
ovr121	ovr121_241	241	ok
ovr121	ovr121_583	583	ok
ovr121	ovr121_637	637	ok
ovr121	ovr121_671	671	ok
ovr121	ovr121_89C	89C	ok
ovr121	ovr121_95A	95A	ok
ovr121	ovr121_A14	A14	ok
ovr121	MaybeContainerLogic_ovr121_B4B	B4B	ok
ovr121	ovr121_110B	110B	ok
ovr121	ovr121_115F	115F	ok
ovr121	ovr121_11AF	11AF	ok
ovr121	ovr121_131B	131B	ok
ovr121	MaybeRefreshInventory_ovr121_1620	1620	ok
ovr121	ovr121_1666	1666	ok
ovr121	UpdateWeightDisplay_ovr121_1827	1827	ok
ovr121	ovr121_18AC	18AC	ok
ovr122	LookAt_ovr122_0	0	ok
ovr122	LookAtMagicEquipment_ovr122_34A	34A	ok
ovr122	MagicItemDescription_ovr122_3AC	3AC	ok
ovr122	Read_ovr122_586	586	ok
ovr122	ovr122_6C1	6C1	ok
ovr122	LookAtBones_ovr122_91B	91B	ok
ovr122	LookAtKey_ovr122_9F6	9F6	ok
ovr122	LookAtNPC_ovr122_A38	A38	ok
ovr122	LookAtObject_ovr122_C11	C11	ok
ovr122	LookAtTalisman_ovr122_CC3	CC3	ok
ovr123	ovr123_0	0	ok
ovr123	ovr123_37	37	ok
ovr123	ovr123_76	76	ok
ovr123	ovr123_16E	16E	ok
ovr125	ovr125_0	0	ok
ovr125	ovr125_3A	3A	ok
ovr126	Acknowledgements_ovr126_0	0	ok
ovr127	ovr127_0	0	ok
ovr129	ovr129_0	0	ok
ovr129	ovr129_EE	EE	ok
ovr129	ovr129_F5	F5	ok
ovr130	ovr130_0	0	ok
ovr130	ovr130_121	121	ok
ovr130	ovr130_14B	14B	ok
ovr130	ovr130_186	186	ok
ovr130	ovr130_1BE	1BE	ok
ovr130	ovr130_214	214	ok
ovr130	ovr130_232	232	ok
ovr130	ovr130_28C	28C	ok
ovr130	ovr130_2AA	2AA	ok
ovr130	ovr130_353	353	ok
ovr130	ovr130_3B5	3B5	ok
ovr130	ovr130_40D	40D	ok
ovr130	ovr130_465	465	ok
ovr130	ovr130_517	517	ok
ovr130	ovr130_56E	56E	ok
ovr130	ovr130_618	618	ok
ovr130	ovr130_673	673	ok
ovr130	ovr130_689	689	ok
ovr130	ovr130_6D6	6D6	ok
ovr130	ovr130_6F2	6F2	ok
ovr130	ovr130_7E8	7E8	ok
ovr131	ovr131_0	0	ok
ovr131	ovr131_1DD	1DD	ok
ovr131	ApplyTerrainData_ovr131_20D	20D	ok
ovr131	ovr131_2E2	2E2	ok
ovr131	LoadT64AndDoorsGR_ovr131_375	375	ok
ovr131	LoadTextureFile_ovr131_49C	49C	ok
ovr131	BuildTerrainData_ovr131_5E1	5E1	ok
ovr133	ovr133_0	0	ok
ovr133	ovr133_5	5	ok
ovr133	ovr133_100	100	ok
ovr133	ResetPlayerStatusValues_ovr133_1E4	1E4	ok
ovr133	ApplyMazeTexture_ovr133_25C	25C	ok
ovr133	ovr133_299	299	ok
ovr133	ActiveEnchantedItem_Spells_ovr133_347	347	ok
ovr133	RetrieveActiveSpells_ovr133_57E	57E	ok
ovr133	MazeNavigation_ovr133_602	602	ok
ovr133	ApplyDefenceStealthBonuses_ovr133_65D	65D	ok
ovr133	ovr133_72D	72D	ok
ovr133	PlayerStatusUpdate_ovr133_784	784	ok
ovr134	ovr134_0	0	ok
ovr134	ovr134_22	22	ok
ovr134	InitPlayerAndRegisterKeys_ovr134_D2	D2	ok
ovr134	ovr134_6DB	6DB	ok
ovr134	ovr134_938	938	ok
ovr134	ovr134_9A6	9A6	ok
ovr134	PrintGameVersion_ovr134_A13	A13	ok
ovr134	SetCameraViewAtObject_ovr134_A2E	A2E	ok
ovr134	ovr134_AF7	AF7	ok
ovr134	ChangeCameraReference_ovr134_BAF	BAF	ok
ovr134	SetCameraAtObject_ovr134_CA8	CA8	ok
ovr134	DoTrapCamera_ovr134_CBE	CBE	ok
ovr134	LaunchPlayerAtMoongate_ovr134_D52	D52	ok
ovr134	ovr134_E46	E46	ok
ovr134	ovr134_EA1	EA1	ok
ovr134	ovr134_EC6	EC6	ok
ovr137	ovr137_0	0	ok
ovr138	ovr138_0	0	ok
ovr138	ovr138_22	22	ok
ovr138	ovr138_94	94	ok
ovr138	ovr138_CD	CD	ok
ovr138	DrawMainMenuLoadScreen_ovr138_FC	FC	ok
ovr138	MainMenu_ovr138_248	248	ok
ovr138	ovr138_571	571	ok
ovr138	ovr138_768	768	ok
ovr138	MainMenuListSaveGames_ovr138_925	925	ok
ovr139	ovr139_0	0	ok
ovr140	ovr140_0	0	ok
ovr140	ovr140_92	92	ok
ovr140	ovr140_12D	12D	ok
ovr140	EnumerateSaveGames_ovr140_229	229	ok
ovr140	ovr140_305	305	ok
ovr140	ovr140_39D	39D	ok
ovr140	RestoreGame_ovr140_44B	44B	ok
ovr140	SaveGame_ovr140_514	514	ok
ovr140	ovr140_669	669	ok
ovr140	ovr140_6EC	6EC	ok
ovr140	ovr140_7BB	7BB	ok
ovr140	ChangeLevel_ovr140_881	881	ok
ovr140	LevelChangeEvents_ovr140_906	906	ok
ovr141	LoadBitMap_ovr141_0	0	ok
ovr142	OpenAndApplyShadesDat_ovr142_0	0	ok
ovr142	ovr142_11A	11A	ok
ovr142	ovr142_181	181	ok
ovr143	ovr143_0	0	ok
ovr143	ovr143_70	70	ok
ovr143	ovr143_95	95	ok
ovr143	LevelUp_ovr143_11A	11A	ok
ovr143	GetGoverningAttribute_ovr143_192	192	ok
ovr143	ovr143_1AF	1AF	ok
ovr143	SkillGain_ovr143_271	271	ok
ovr143	SkillAdvanceGreatlyMessage_ovr143_3C0	3C0	ok
ovr143	NormalSkillAdvanceMessage_ovr143_406	406	ok
ovr143	ChantMantraAtShrine_ovr143_48D	48D	ok
ovr143	VictoryScreen_ovr143_76F	76F	ok
ovr143	GaramonDream_ovr143_B73	B73	ok
ovr143	SleepingOnDamagingSurface_ovr143_C7A	C7A	ok
ovr143	Sleep_ovr143_D1F	D1F	ok
ovr143	MakeCampEvent_ovr143_10D5	10D5	ok
ovr143	ChangeHunger_ovr143_1107	1107	ok
ovr143	EndGameFunctions_ovr143_1186	1186	ok
ovr143	PlantSilverSeed_ovr143_12FB	12FB	ok
ovr143	FindTeleportToObject_ovr143_14AD	14AD	ok
ovr143	Resurrection_ovr143_1521	1521	ok
ovr143	CallBackGateTravel_ovr143_15F4	15F4	ok
ovr143	DeathAndResurrection_ovr143_1610	1610	ok
ovr143	SearchForTrap_ovr143_1829	1829	ok
ovr143	DefuseTrap_sub_8E27D	8E27D	unverified
ovr144	ovr144_0	0	decoded
ovr145	ovr145_0	0	decoded
ovr145	ovr145_F3	F3	decoded
ovr145	ovr145_14F	14F	decoded
ovr145	ovr145_1C3	1C3	decoded
ovr145	ovr145_236	236	decoded
ovr145	ovr145_284	284	decoded
ovr145	ovr145_35F	35F	decoded
ovr145	ovr145_445	445	decoded
ovr145	ovr145_4FB	4FB	decoded
ovr146	ovr146_0	0	decoded
ovr149	ovr149_0	0	decoded
ovr150	ovr150_0	0	decoded
ovr150	ovr150_12E	12E	decoded
ovr150	ovr150_15A	15A	decoded
ovr150	ovr150_2BB	2BB	decoded
ovr150	ovr150_321	321	decoded
ovr150	ovr150_442	442	decoded
ovr150	ovr150_516	516	decoded
ovr152	ovr152_0	0	decoded
ovr152	ovr152_5	5	decoded
ovr152	ovr152_13	13	decoded
ovr153	ovr153_0	0	decoded
ovr153	ovr153_17	17	decoded
ovr153	ovr153_3B	3B	decoded
ovr153	ovr153_24A	24A	decoded
ovr153	ovr153_296	296	decoded
ovr153	ovr153_D92	D92	decoded
ovr153	ovr153_E83	E83	decoded
ovr153	ovr153_F41	F41	decoded
ovr153	ovr153_F7B	F7B	decoded
ovr153	ovr153_10EE	10EE	decoded
ovr153	ovr153_135C	135C	decoded
ovr153	ovr153_1402	1402	decoded
ovr153	ovr153_143D	143D	decoded
ovr153	ovr153_148E	148E	decoded
ovr153	ovr153_14C4	14C4	decoded
ovr153	ovr153_1517	1517	decoded
ovr153	ovr153_15C4	15C4	decoded
ovr154	ovr154_0	0	decoded
ovr154	ovr154_17	17	decoded
ovr154	ovr154_7C	7C	decoded
ovr154	ovr154_101	101	decoded
ovr154	ovr154_11B	11B	decoded
ovr154	ovr154_1DB	1DB	decoded
ovr154	ovr154_29C	29C	decoded
ovr154	ovr154_2D1	2D1	decoded
ovr154	ovr154_2F1	2F1	decoded
ovr154	ovr154_308	308	decoded
ovr154	ovr154_333	333	decoded
ovr154	ovr154_374	374	decoded
ovr154	ovr154_3A7	3A7	decoded
ovr154	ovr154_44E	44E	decoded
ovr154	ovr154_4A4	4A4	decoded
ovr154	ovr154_4F7	4F7	decoded
ovr154	ovr154_544	544	decoded
ovr154	ovr154_591	591	decoded
ovr154	ovr154_60D	60D	decoded
ovr154	ovr154_691	691	decoded
seg004	seg004_63	63	placed
seg004	seg004_CB	CB	placed
seg004	seg004_18D	18D	placed
seg004	seg004_194	194	placed
seg004	seg004_45C	45C	placed
seg004	seg004_58E	58E	placed
seg004	seg004_6C4	6C4	placed
seg004	seg004_7F8	7F8	placed
seg004	seg004_930	930	placed
seg004	seg004_A71	A71	placed
seg004	seg004_C81	C81	placed
seg004	seg004_D70	D70	placed
seg004	seg004_DBA	DBA	placed
seg004	seg004_E88	E88	placed
seg004	seg004_EFE	EFE	placed
seg004	seg004_103A	103A	placed
seg004	seg004_1059	1059	placed
seg004	seg004_1153	1153	placed
seg004	seg004_12FE	12FE	placed
seg004	seg004_1332	1332	placed
seg004	seg004_1370	1370	placed
seg004	seg004_151F	151F	placed
seg004	seg004_15AC	15AC	placed
seg004	seg004_171B	171B	placed
seg004	seg004_17AB	17AB	placed
seg004	seg004_18FC	18FC	placed
seg004	seg004_1BE4	1BE4	placed
seg004	seg004_1D43	1D43	placed
seg004	seg004_1E79	1E79	placed
seg004	seg004_1E84	1E84	placed
seg004	seg004_27D9	27D9	placed
seg004	seg004_2B16	2B16	placed
seg004	seg004_2B20	2B20	placed
seg004	seg004_2B2F	2B2F	placed
seg004	seg004_2E73	2E73	placed
seg004	seg004_302D	302D	placed
seg004	seg004_3036	3036	placed
seg004	seg004_3047	3047	placed
seg004	seg004_305A	305A	placed
seg004	seg004_30AE	30AE	placed
seg004	seg004_30F6	30F6	placed
seg004	seg004_3133	3133	placed
seg004	seg004_3170	3170	placed
seg004	seg004_31AD	31AD	placed
seg004	seg004_328B	328B	placed
seg004	seg004_33CC	33CC	placed
seg004	seg004_3441	3441	placed
seg004	seg004_34E4	34E4	placed
seg004	seg004_3732	3732	placed
seg004	seg004_375E	375E	placed
seg004	seg004_3937	3937	placed
seg004	seg004_3949	3949	placed
seg004	seg004_3B63	3B63	placed
seg004	seg004_405B	405B	placed
seg004	seg004_4164	4164	placed
seg004	seg004_4274	4274	placed
seg004	seg004_4382	4382	placed
seg004	seg004_4987	4987	placed
seg004	seg004_4B44	4B44	placed
seg004	seg004_4E76	4E76	placed
seg004	seg004_5040	5040	placed
seg004	seg004_5069	5069	placed
seg004	seg004_50D8	50D8	placed
seg004	seg004_51A3	51A3	placed
seg004	seg004_520F	520F	placed
seg004	seg004_52FF	52FF	placed
seg004	seg004_5374	5374	placed
seg004	seg004_53E9	53E9	placed
seg004	seg004_5426	5426	placed
seg004	seg004_5551	5551	placed
seg004	seg004_558E	558E	placed
seg004	seg004_56B9	56B9	placed
seg004	seg004_56F6	56F6	placed
seg004	seg004_5821	5821	placed
seg004	seg004_5834	5834	placed
seg004	seg004_587E	587E	placed
seg004	seg004_58FA	58FA	placed
seg004	seg004_5937	5937	placed
seg004	seg004_59DC	59DC	placed
seg004	seg004_5A83	5A83	placed
seg004	seg004_5B28	5B28	placed
seg004	seg004_5DFC	5DFC	placed
seg004	seg004_5E04	5E04	placed
seg004	seg004_6129	6129	placed
seg004	seg004_624B	624B	placed
seg004	seg004_63C6	63C6	placed
seg004	seg004_6545	6545	placed
seg004	seg004_66C2	66C2	placed
seg004	seg004_796E	796E	placed
seg004	seg004_7A41	7A41	placed
seg004	seg004_7B09	7B09	placed
seg004	seg004_7B37	7B37	placed
seg004	seg004_7B3D	7B3D	placed
seg004	seg004_7BBA	7BBA	placed
seg004	seg004_7C8B	7C8B	placed
