# UW1 segment	bytes	UW2 source (most of its kin)	share	same%	near%
seg000	1255	src/gfx/SPRITE.ASM	100	0	0
seg001	893	src/gfx/VALLOC.ASM	67	5	53
seg002	143		0	0	0
seg003	25938	seg003_0272	76	6	30
seg004	32119	seg004_0849	50	7	17
seg005_10B2	15440	seg005_105F	95	56	30
seg006_1477	12812	src/critter/PATHFIND.C	97	10	57
seg007_1798	14634	src/critter/AI.C	92	17	29
seg008_1B2A	3894	src/motion/PHYSICS.C	91	1	37
seg009	995	src/gfx/GRSPIC.C	91	16	54
seg010	1139	src/ui/INPUT.C	100	72	27
seg011_1CA3	180	src/game/MAINLOOP.C	100	6	93
seg012	435	src/sys/EMS.C	88	11	19
seg013_1CC9	4029	src/ui/MOUSE.C	96	50	10
seg014_1DC5	7504	src/sound/SOUND.C	73	3	22
seg015_1F9B	947	src/gfx/MODEX.ASM	100	88	11
seg017_1FDD	5155	src/3d/GRIDDB.C	100	1	53
seg019	4210	seg021_22FD	99	45	36
seg020	2297	src/sound/AIL.ASM	93	59	28
seg021	324	src/gfx/COLCYCLE.C	100	50	0
seg022_230E	6051	src/combat/COMBAT.C	100	24	21
seg023	1346	src/combat/DAMAGE.C	100	14	37
seg024_24DC	5742	src/ui/INTERACT.C	73	7	28
seg025	3367	src/combat/MISSILE.C	100	0	72
seg026	5303	src/motion/COLLIDE.C	100	15	84
seg027_2861	4673	src/obj/OBJECTS.C	90	42	34
seg028_2985	1671	src/game/PLAYTIME.C	100	0	46
seg029_29EE	5000	src/motion/OBJPHYS.C	100	16	40
seg030_2B26	6162	src/motion/MOTION.C	100	34	41
seg031	4647	src/3d/VIEW3D.C	100	62	34
seg032_2DCA	4684	src/3d/DRAWOBJ.C	100	0	32
seg033_2EEF	2452	src/3d/GAMESORT.C	100	31	56
seg034_2F89	3753	src/motion/PLAYMOVE.C	100	33	39
seg035_3073	325	src/map/MAPADDR.C	100	16	83
seg036_3087	9710	src/ui/PANELS.C	43	0	21
seg037_32E6	520	src/game/SKILLCHK.C	100	11	0
seg038_3307	6367	src/combat/SPELLS.C	51	10	23
seg039_3495	2398	src/ui/GAMESTRN.C	99	24	67
seg040_352B	10223	src/obj/USEITEMS.C	47	2	18
seg041_37AA	354	src/sys/UTIL.C	100	80	19
seg042	768	src/sys/TMPALLOC.C	76	0	18
seg043_37F0	4158	src/ui/SCROLLIO.C	53	4	64
seg044	3975	src/obj/EFFECT.C	92	6	46
seg045	881	src/conv/GRDB.C	96	2	30
seg046	4657	src/lib/OVERLAY.ASM	97	37	40
ovr089	43	src/obj/ANIMOBJ.C	100	0	53
ovr090	44	src/ui/MOUSE.C	68	100	0
ovr091	2121	src/sys/ARC.C	4	0	4
ovr092	4416	src/ui/AUTOMAP.C	81	22	5
ovr093	9500	src/conv/BABL.C	83	25	36
ovr094	2949	src/conv/BABLHACK.C	89	21	64
ovr095	8372	src/conv/BARTER.C	88	10	56
ovr096	38	src/ui/MOUSE.C	78	100	0
ovr098	6069	src/game/CHARGEN.C	100	12	60
ovr099	805	src/obj/COMBINE.C	53	3	7
ovr100	6513	src/conv/CONVERSE.C	66	10	39
ovr101	816	src/critter/CREATURE.C	100	0	11
ovr103	1667	src/conv/CONVVARS.C	100	0	0
ovr104	3808	src/critter/CRITTIME.C	100	7	82
ovr105	5714	src/gfx/CUTS.C	42	8	20
ovr106	37	src/sys/DEBUG.C	72	27	0
ovr107	6692	src/event/WORLDEV.C	63	39	16
ovr109	1905	src/game/UWEDIT.C	96	14	18
ovr110	395	src/sys/ERROR.C	100	0	56
ovr112	1190	src/gfx/SCRSHOT.C	100	72	27
ovr113	1048	src/critter/CRPAGES.C	17	0	17
ovr114	1359	src/gfx/GRFX.C	100	16	64
ovr115	2603	src/gfx/LOADGR.C	98	25	21
ovr116	141	src/obj/HACK.C	100	0	58
ovr117	4238	src/inv/BAGS.C	100	6	80
ovr118	1907	src/inv/INVSAVE.C	100	36	47
ovr119	1502	src/combat/RUNES.C	100	8	25
ovr120	3733	src/inv/INVDATA.C	100	18	81
ovr121	6470	src/inv/INVPANEL.C	99	6	51
ovr122	3430	src/obj/LOOK.C	92	1	25
ovr123	604	src/map/MAP.C	19	10	9
ovr125	137	src/obj/MISC.C	100	0	57
ovr126	24	src/game/CREDITS.C	100	100	0
ovr127	7	src/sys/COM1INT.C	100	100	0
ovr129	298	src/obj/OBJCLASS.C	97	2	97
ovr130	2093	src/ui/MOUSE.C	1	0	0
ovr131	1670	src/map/TEXTMAPS.C	22	0	0
ovr133	2847	src/game/PLAYDATA.C	94	9	48
ovr134	3820	src/game/PLAYER.C	99	22	22
ovr137	5	src/ui/MOUSE.C	100	100	0
ovr138	2715	src/ui/MAINMENU.C	96	5	62
ovr139	7	src/conv/BABL.C	100	100	0
ovr140	2537	src/game/GAMEWRAP.C	67	0	16
ovr141	250		0	0	0
ovr142	550	src/map/LIGHTING.C	81	0	0
ovr143	6913	src/game/SKILLS.C	49	4	14
ovr144	14	src/conv/BABL.C	100	100	0
ovr145	2583	src/ui/STATS.C	100	0	49
ovr146	14	src/conv/BABL.C	100	100	0
ovr149	45	src/event/TRIGSAVE.C	100	0	51
ovr150	2874	src/obj/TREASURE.C	100	30	48
ovr152	48	src/sys/STUBS.C	58	100	0
ovr153	11603	src/event/TRIGGER.C	41	9	17
ovr154	4454	src/sys/MISCUTIL.C	55	32	18
