# segment	file offset	procs checked	procs matching IDA
seg000	0x3200	5	5
seg001	0x36e0	5	5
seg002	0x3a60	1	1
seg003	0x3b00	5	5
seg004		0	0
seg005_10B2	0x11e50	5	5
seg006_1477	0x15aa0	5	5
seg007_1798	0x18cb0	5	5
seg008_1B2A	0x1c5d0	5	5
seg009	0x1d510	5	5
seg010	0x1d8f0	5	5
seg011_1CA3	0x1dd60	3	3
seg012	0x1de10	5	5
seg013_1CC9	0x1dfc0	5	5
seg014_1DC5	0x1ef80	5	5
seg015_1F9B	0x20ce0	5	5
seg017_1FDD	0x21100	5	5
seg019	0x225a0	5	5
seg020	0x23620	5	5
seg021	0x242d0	2	2
seg022_230E	0x24410	5	5
seg023	0x25bb0	5	5
seg024_24DC	0x260f0	5	5
seg025	0x27760	5	5
seg026	0x28490	5	5
seg027_2861	0x29940	5	5
seg028_2985	0x2ab80	5	5
seg029_29EE	0x2b210	5	5
seg030_2B26	0x2c590	5	5
seg031	0x2dda0	5	5
seg032_2DCA	0x2efd0	3	3
seg033_2EEF	0x30220	5	5
seg034_2F89	0x30bc0	5	5
seg035_3073	0x31a60	2	2
seg036_3087	0x31ba0	5	5
seg037_32E6	0x34190	3	3
seg038_3307	0x343a0	5	5
seg039_3495	0x35c80	5	5
seg040_352B	0x365e0	5	5
seg041_37AA	0x38dd0	4	4
seg042	0x38f30	5	5
seg043_37F0	0x39230	5	5
seg044	0x3a270	5	5
seg045	0x3b1f0	5	5
seg046	0x3b560	5	5
ovr089	0x65710	2	2
ovr090	0x65750	5	5
ovr091	0x65790	5	5
ovr092	0x66050	5	5
ovr093	0x672c0	5	5
ovr094	0x69980	5	5
ovr095	0x6a590	5	5
ovr096	0x6c7f0	5	5
ovr097		0	0
ovr098	0x6c830	5	5
ovr099	0x6e140	5	5
ovr100	0x6e490	5	5
ovr101	0x700b0	4	4
ovr102		0	0
ovr103	0x70400	2	2
ovr104	0x70af0	5	5
ovr105	0x71a40	5	5
ovr106	0x73140	3	3
ovr107	0x73170	5	5
ovr108		0	0
ovr109	0x74c70	5	5
ovr110	0x754f0	4	4
ovr111		0	0
ovr112	0x756c0	5	5
ovr113	0x75b90	5	5
ovr114	0x75ff0	5	5
ovr115	0x765c0	5	5
ovr116	0x77070	2	2
ovr117	0x77110	5	5
ovr118	0x78270	5	5
ovr119	0x78a40	5	5
ovr120	0x79070	5	5
ovr121	0x79fa0	5	5
ovr122	0x7ba10	5	5
ovr123	0x7c830	4	4
ovr124		0	0
ovr125	0x7cac0	2	2
ovr126	0x7cb50	1	1
ovr127	0x7cb70	1	1
ovr128		0	0
ovr129	0x7cb90	3	3
ovr130	0x7cce0	5	5
ovr131	0x7d5b0	5	5
ovr132		0	0
ovr133	0x7dcc0	5	5
ovr134	0x7e830	5	5
ovr135		0	0
ovr136		0	0
ovr137	0x7f8b0	1	1
ovr138	0x7f8c0	5	5
ovr139	0x80400	1	1
ovr140	0x80410	5	5
ovr141	0x80ef0	1	1
ovr142	0x81010	3	3
ovr143	0x81270	5	5
ovr144		0	0
ovr145		0	0
ovr146		0	0
ovr147		0	0
ovr148		0	0
ovr149		0	0
ovr150		0	0
ovr151		0	0
ovr152		0	0
ovr153		0	0
ovr154		0	0
