value,root
0,0
1,1
2,1
3,2
4,2
8,3
9,3
15,3
16,4
17,4
255,16
256,16
257,16
16383,128
16384,128
65535,255
65536,256
65537,256
16777215,4096
16777216,4096
1073741823,32767
1073741824,32768
2147483647,46340
1,1
2,1
5,2
8,3
17,4
26,5
37,6
49,7
64,8
82,9
100,10
121,11
145,12
169,13
197,14
224,15
255,16
289,17
323,18
362,19
400,20
441,21
483,22
530,23
577,24
625,25
675,26
728,27
784,28
841,29
900,30
962,31
1025,32
1090,33
1156,34
1225,35
1295,35
1368,36
1444,38
1520,38
1599,39
1680,40
1765,42
1850,43
1935,43
2024,44
2115,45
2209,47
2303,47
2402,49
2499,49
2600,50
2705,52
2808,53
2916,54
3024,55
3137,56
3249,57
3364,58
3481,59
3601,60
3720,61
3844,62
3969,63
4097,64
4224,65
4356,66
4489,67
4625,68
4760,69
4899,70
5040,71
5184,72
5330,73
5476,74
5625,75
5775,75
5929,77
6084,78
6240,78
6399,79
6560,80
6723,81
6889,83
7055,83
7226,85
7396,86
7568,86
7744,88
7921,89
8101,90
8280,90
8463,91
8648,92
8837,94
9025,95
9216,96
9410,97
9603,97
9801,99
9999,99
10200,100
10405,102
10609,103
10816,104
11024,104
11236,106
11448,106
11665,108
11881,109
12101,110
12321,111
12544,112
12769,113
12996,114
13226,115
13455,116
13690,117
13923,118
14162,119
14399,120
14641,121
14883,122
15129,123
15377,124
15626,125
15875,126
16130,127
16385,128
16641,129
16900,130
17161,131
17423,132
17689,133
17957,134
18224,135
18497,136
18769,137
19043,138
19322,139
19601,140
19881,141
20163,142
20449,143
20736,144
21026,145
21316,146
21609,147
21905,148
22202,149
22500,150
22800,151
23103,152
23408,153
23717,154
24026,155
24336,156
24648,157
24963,158
25282,159
25599,160
25922,161
26244,162
26568,163
26895,164
27224,165
27555,166
27889,167
28223,168
28562,169
28900,170
29240,171
29584,172
29928,173
30275,174
30626,175
30977,176
55721,236
49,7
13756203,3708
21601,146
44416,210
12670173,3559
958184007,30954
4825,69
39668,199
144,12
16551343,4068
208,14
8932979,2988
22733,150
726052454,26945
699851510,26454
252,15
40,6
218,14
10770182,3281
73104571,8550
40,6
30,5
898427505,29973
201,14
53781,231
937625763,30620
152,12
181,13
5966541,2442
766370296,27683
426,20
14393,119
240,15
171,13
10837235,3291
14415314,3796
1225077,1106
98,9
216,14
3580967,1892
7605,87
251,15
579326621,24069
564272260,23754
466140952,21590
5358038,2314
3164,56
215,14
48830,220
86,9
4405777,2098
193,13
978030679,31273
923046814,30381
1008743800,31760
60613,246
1029693855,32088
8426075,2902
371635912,19277
14,3
3734848,1932
66,8
8876954,2979
62148,249
589158956,24272
9392,96
989189990,31451
145,12
145,12
839115909,28967
31,5
16136374,4017
1070081555,32712
1058267780,32531
170237489,13047
254,15
274093290,16555
607027655,24637
13538103,3679
126,11
5,2
772039673,27785
13197517,3632
35157,187
122,11
61627428,7850
342985293,18519
63337,251
88,9
990102096,31465
51,7
925831110,30427
31623,177
751950799,27421
577366,759
61187,247
4276,65
181432967,13469
94762180,9734
