seg001_023B_4A	valloc_	call
seg001_023B_1D5	save_rect_	call
MaybeRedrawSlot_seg001_023B_25B	restore_rect_	call
WriteTextToScreen_seg003_0272_446D	string_to_screen_	call
WritingTextToScreen_seg003_0272_454B	string_width_	call
seg003_0272_48F4	set_the_color_	call
DrawBitmapScreen_seg003_0272_4AC1	set_the_window_	call
seg003_0272_4B1B	copy_hidden_to_visible_	call
GraphicsCall_seg003_0272_4B57	copy_visible_to_hidden_	call
seg003_0272_4CF2	rectangle_	call
seg003_0272_4D3C	urectangle_	call
DrawArtToScreen_seg003_0272_4FC2	show_	call
FileOrDirectoryExists_seg005_105F_249	access_	call
InitAnObjectListArray_seg005_105F_2AD	calloc_	symbol
CloseFile_seg005_105F_2FE	close_	call
ExitGame_seg005_105F_32C	exit_	call
CloseFile_seg005_105F_47D	fclose_	call
seg005_105F_5D5	fgets_	call
AddFileToTable_seg005_105F_7FC	fopen_	call
ABS_seg005_105F_B1F	labs_	symbol
Init_RNG_seg005_105F_DD6	srand_	call
RNG_seg005_105F_DE7	rand_	call
GetRNGSeed_seg005_105F_FF2	time_	symbol
seg005_105F_142C	toupper_	symbol
ChangeDirectory_seg005_105F_1683	chdir_	symbol
MoveFilePointer_seg005_105F_1C75	lseek_	call
Hex2DecimalString_seg005_105F_1D1B	itoa_	call
Hex2Dec_seg005_105F_1D5C	ltoa_	call
SetArrayValues_seg005_105F_1DCA	memset_	call
CreateDirectory_seg005_1DE3	mkdir_	call
FileAccessFunctions_seg005_105F_1E46	open_	call
ReadBytesAtFilePtr_seg005_1FCD	read_	call
CombineStrings_seg005_27F3	strcat_	call
seg005_105F_2862	strcmp_	symbol
StoreStringInLocation_seg005_105F_2891	strcpy_	call
STRLEN_Seg005_105F_28B5	strlen_	call
ExtractString_seg005_105F_28CF	strncpy_	call
ToUpperCase_seg005_105F_2940	strupr_	symbol
DeleteFile_seg005_2BC0	unlink_	call
seg005_105F_36E0	free_	symbol
DropNPCRemains_seg006_1413_5	build_corpse_	symbol
MotionProcessing_seg006_1413_173	move_me_joe_	symbol
InitVariablesAndDelegates_seg006_1413_91C	init_ai_	symbol
InitMotionCalcArrayForNPC_seg006_1413_9F5	get_terrain_	symbol
CalculateMotionTopLevel_seg006_1413_D6A	do_crit_phys_	symbol
PathFindBetweenTiles_seg006_1413_1994	flood_path_	call
TestBetweenCoordinates_seg006_1413_22F7	line_of_sight_	call
GetVectorHeading_seg006_1413_2EC9	deltatotheta_	symbol
SetNPCTargetDestination_seg006_1413_2F51	set_loc_	call
NPC_GOTO_seg006_1413_3008	crit_head_for_loc_	symbol
UpdateNPCAnimation_seg007_17A2_4	change_or_inc_seq_	matched
ChangeNPCHeadings_seg007_17A2_89	set_htx_	matched
NPCWanderUpdate_seg007_17A2_C5	crit_drunkwalk_	matched
NPC_Goal8_seg007_17A2_507	crit_mill_	matched
StandStill_seg007_17A2_5D9	crit_guard_	matched
NPC_Goal5_Attack_seg007_17A2_782	crit_offense_	matched
ChooseMeleeAttackToMake_seg007_17A2_9A7	crit_attack_	matched
AttackGoalSearchForTarget_seg007_17A2_C7E	crit_offense_find_target_	matched
TryToDoMagicAttack_seg007_17A2_DFA	maybe_cast_defensive_spell_	matched
NPCStartMagicAttack_seg007_17A2_E83	crit_magik_attack_	matched
NPCStartRangedAttack_seg007_17A2_FBE	crit_missile_attack_	matched
NPCGoal9_seg007_17A2_1089	crit_defense_	matched
NPC_Goal6_seg007_17A2_1167	crit_flee_	matched
MaybeVectorsToPlayer_seg007_17A2_14E0	crit_avoid_player_	matched
NPC_GoalA_TalkTo_seg007_17A2_15FA	crit_talk_	matched
ReactToPlayerPresence_seg007_17A2_1730	check_out_player_	matched
NPCGoalC_seg007_17A2_17F1	crit_hover_	matched
SearchForGoalTarget_seg007_17A2_18AD	target_found_	matched
TurnTowardsTarget_seg007_17A2_1ADC	look_for_target_	matched
NPC_Move_seg007_17A2_1B9E	constrain_movement_	matched
TurnTowardsVector_seg007_17A2_1CE5	turn_real_fine_	matched
GetPitchToGTarg_seg007_17A2_1E83	compute_trz_or_try_rather_	matched
SetCurrObj_seg007_17A2_1F19	set_critter_vars_	matched
GetCritterAnimationGlobalsForCurrObj_seg007_17A2_204B	set_cur_seq_len_	matched
NPCInitialProcessing_seg007_17A2_2095	critter_ai_	matched
NPCBehaviours_seg007_17A2_2834	critter_mv_	matched
GetDistancesToGTarg_seg007_17A2_2F32	set_up_target_	matched
MaybeShouldNPCWithdraw_seg007_17A2_304A	should_i_flee_	matched
GetCritterRange_seg007_17A2_30D1	acceptable_danger_	matched
SetNewGoalAndTarget_seg007_17A2_313F	critter_set_goal_	matched
ResetGoalAndTarget_seg007_17A2_31AE	critter_discard_goal_	matched
NPCDeath_seg007_17A2_3228	go_into_dying_sequence_	matched
DeathBegin_seg007_17A2_327C	crit_die_	matched
DamageCharacter_seg007_17A2_333A	damage_critter_	matched
CheckIfUpdateNeeded_seg007_17A2_355C	timetodo_	matched
ProcessMobileObjects_seg007_17A2_359F	move_mobile_	matched
StartSwimming_seg008_1B09_D	water_set_	matched
ProcessPlayerTileState_seg008_1B09_3F	parse_player_terr_	matched
EasyMoveTurnPlayerHeading_seg008_1B09_225	simple_fizix_	matched
ApplyWaterCurrentIceSliding_seg008_1B09_5C4	munge_vectors_	matched
PlayerMotionInitialCalculation_seg008_1B09_7B2	set_player_phys_params_	matched
ReinitialisePlayerOnLevelOrPositionChange_seg008_1B09_AD8	player_setup_	matched
ApplyPlayerMotion_seg008_1B09_D1D	phys_affect_player_	matched
CheckIfPlayerIsNoLongerLost_seg008_1B09_1019	player_newsq_	matched
StopPlayerMotion_seg008_1B09_104D	player_sqhandler_	matched
CalculateMotionFromCommand_seg008_1B09_108E	do_player_input_	matched
StopFalling_seg008_1B09_120F	phys_bounce_up_	matched
RefreshPlayerTileState_seg008_1B09_1239	fizix_update_	matched
UpdateMotionStateAndSwimming_seg008_1B09_1252	newFPS_	matched
PlacePlayerInTile_seg008_1B09_137B	change_GrSq_	matched
PressureTriggerZChange_seg008_1B09_14B1	hgt_change_	matched
DrawCursorAtCoordinate_seg009_26B	pic_to_screen_	call
seg010_1CA1_3	init_input_	symbol
seg010_1CA1_59	free_input_	symbol
RegisterClickArea_seg010_1CA1_82	input_addmouse_	call
RegisterEventHandler_seg010_1CA1_104	_input_addkey_	call
seg010_1CA1_174	input_del_	call
ProcessCommands_seg010_1CA1_2A0	input_dispatch_	symbol
MaybeGameLoop_seg012_1D31_1	mainloop_	matched
RunGameLoopFunctions_seg012_1D31_1F	do_changes_	matched
SetGameLoopBitField_seg012_1D31_AE	editchng_	matched
seg014_A	setup_icon_buttons_	matched
seg014_4C	term_icon_buttons_	matched
seg014_5C	get_iconreg_button_	matched
seg014_AF	new_IconUnselect_	matched
seg014_11D	new_IconSelect_	matched
MaybeOptionsMenuEvents_seg014_18B	do_option_shortcut_	matched
seg015_1D7C_D	init_mouse_	symbol
LikelyDrawCursor_seg015_1D7C_C0	mouse_show_	call
seg015_1D7C_D6	mouse_hide_	call
seg015_1D7C_F7	mous_3d_set_	symbol
seg015_1D7C_114	mous_in_3d_p_	call
seg015_1D7C_139	mous_3d_hide_	symbol
seg015_1D7C_1F6	mous_3d_show_	symbol
GetPositionIn3dWindow_seg015_1D7C_1FB	mouse_getxy_	call
seg015_1D7C_23A	mouse_clearQ_	symbol
seg015_1D7C_25A	mouse_putxy_	symbol
GetMouseButtonStatus_seg015_1D7C_287	mouse_getbut_	call
MouseClickRelated_seg015_1D7C_2A9	mouse_release_	call
MaybeGameLoopUpdate_seg015_1D7C_326	mouse_dragged_	call
seg015_1D7C_3B0	mouse_constrain_	symbol
MaybeSetScreenSize_seg015_1D7C_3CD	mouse_freereign_	call
seg015_1D7C_4AE	do_keyboard_input_	symbol
WaitInputCommand_seg015_1D7C_594	mouse_get_input_	call
GetCommand_seg015_1D7C_5A1	mouse_get_input_sp_	symbol
seg015_1D7C_5AE	defineMouseRegion_	call
seg015_1D7C_61F	undefineMouseRegion_	call
ChangeCursor_seg015_1D7C_67D	force_mouse_cursor_	call
LikelyResetCursor_seg015_1D7C_6AF	unforce_mouse_cursor_	call
seg015_1D7C_6F9	mouse_check_reg_	symbol
MouseRenderRelated_seg015_1D7C_B30	MousQUp_	symbol
SomethingWithMousePos_seg015_1D7C_DA7	keyboard_mouse_	symbol
LoadVOCSoundFile_seg016_1E73_260	load_digi_fx_	call
seg016_1E73_284	punt_all_digi_fx_	call
seg016_1E73_F2D	update_digi_playback_	symbol
StartPitTimer_seg016_1E73_12D7	init_timers_	symbol
MaybeSoundInit_seg016_1E73_1323	punt_sound_stuff_	symbol
MaybeSoundRelated_seg016_1356	init_sounds_	symbol
LoadXMIFile_seg016_1E73_174B	load_new_music_	call
GetCurrentMusicFileNo_seg016_1E73_1AB6	get_current_music_	symbol
LoadSoundEffectAtCoordinate_seg016_1E73_1C50	play_effect_	call
PlaySoundEffectAtAvatar_seg016_1E73_1DB2	play_effect_here_	call
PlaySoundEffectAtObject_seg016_1E73_1E7E	play_effect_on_mobile_	call
MakeASound_seg016_1E73_1EE7	play_effect_on_mobile_src_	symbol
seg016_1E73_1FFD	kill_effect_	symbol
seg016_1E73_20C1	kill_all_effects_	call
PlayMusicalInstrument_seg016_26BC	play_instrument_	call
seg016_1E73_29C5	free_timers_	symbol
seg016_1E73_2AEC	free_sounds_	symbol
ChangeThemeMusic_seg016_1E73_2B0C	set_new_music_	call
PickLevelThemeMusic_seg016_1E73_2B1E	set_random_walking_music_	call
ChangeThemeToBrittania_seg016_1E73_2B73	loop_music_maybe_	call
RefreshMusic_seg016_1E73_2BB2	change_music_maybe_	call
ApplyPalette_seg017_2179_220	local_do_palette_	call
UpdateDetailLevelIndirectFunctions_seg019_21BA_5B	set_graphics_level_	call
RenderingFunctions_seg019_21BA_D0	process_grid_	symbol
seg019_21BA_37E	do_3d_pickup_	symbol
seg021_22FD_C34	cZoom_	symbol
seg021_22FD_C7E	cFBtoScreen_	symbol
seg021_22FD_C84	cFillFB_	call
seg021_22FD_D1D	cPlaceFB_	symbol
seg021_22FD_D7A	cRender_	symbol
seg021_22FD_E1A	cInit3d_	symbol
GetVectorForDirection_seg021_22FD_E63	cFstSinCos_	symbol
SomethingProjectileHeading_seg021_22FD_EAE	cSinCos_	call
MaybeGetTangent_seg021_22FD_EFB	cAtan2_	call
GetSquareRoot_seg021_22FD_F3F	cSqRt_	call
seg023_9	rotate_bank_	matched
seg023_AB	cycle_colors_	matched
PickBodyHitPoint_seg024_24E9_3	pickloc_	matched
TestForClosestAttackCollisionHit_seg024_24E9_7C	set_hitobj_	matched
SpawnImpactAnimo_seg024_24E9_2CB	find_wall_coll_	matched
CheckForAttackHit_seg024_24E9_481	resolve_attack_	matched
CheckForPoisonableDamageWeapons_seg024_24E9_6D4	is_sharp_	matched
CalculateAttackResults_seg024_24E9_737	frp_check_	matched
AttackerAppliesFinalDamage_seg024_24E9_983	do_damage_	matched
CombatMissImpactSound_seg024_24E9_D39	do_miss_	matched
CalcFlankingBonus_seg024_24E9_E74	compute_hitangle_	matched
ExecuteAttack_seg024_24E9_EC8	do_attack_	matched
CheckForAmmo_seg024_24E9_FA5	check_ammo_	matched
SetCurrentWeaponDetails_seg024_24E9_102B	GetPlayerWeapon_	matched
CalculateAttackScorePlayer_seg024_24E9_113F	DoPlayerWeapon_	matched
EndCombatSwing_seg024_24E9_12A4	missile_finish_	matched
MaybeCancelWeaponSwingAnim_seg024_24E9_12E0	fin_attack_	matched
CancelAttack_seg024_24E9_130F	clear_fight_state_	matched
PlayerCombat_seg024_24E9_134B	player_attack_	matched
MissileAttackHit_seg024_24E9_1860	missile_thwack_	matched
NPC_ExecuteAttack_seg024_24E9_1989	critter_attack_	matched
AwardKillEXP_seg024_24E9_1AF7	player_killed_a_	matched
RemoveDoorLock_seg025_26A1_3	remove_lock_	matched
RemoveObjectFromTile_seg025_26A1_95	try_remove_	matched
DamageObject_Destruction_seg025_D0	remove_object_	matched
GetObjectDebris_seg025_26A1_444	debris_type_	matched
ScaleDamageAgainstObject_seg025_26A1_493	check_res_	matched
DamageObject_seg025_527	damage_item_	matched
DamageObjectOrDoor_seg025_26A1_5B4	damage_object_	matched
PlayerUpdateTick_seg026_2716_8	display_scr_	matched
ResetPaperInventoryPanel_seg026_2716_12F	RedispInv_	matched
CheckIfPlayerCanReachAtDistance_seg026_2716_154	InPickRange_	matched
GetHighestBridgeInTile_seg026_2716_29F	BridgeHeight_	matched
TestIfPlayerCanReachObjectTile_seg026_2716_2FA	BlockingTerrain_	matched
seg026_2716_523	check_around_	matched
RayCast_seg026_2716_5E7	pick_3d_	matched
LookAtOrInteractWithSurface_seg026_2716_73F	look_nothing_	matched
Pickup_seg026_2716_7B3	release_3d_	matched
Pickup_seg026_2716_803	player_3dget_	matched
TalkTo_seg026_2716_AFB	player_3dtalk_	matched
LookAt_seg026_B19	player_3dlook_	matched
UseObject_seg026_2716_C3A	player_3duse_	matched
Combat_seg026_2716_CB5	player_3dattack_	matched
HandleObjectOrTileClick_seg026_2716_CFB	mous_in_3d_	matched
LookAt_seg026_2716_E74	inv_look_	matched
ProbablyInventoryPanelClick_seg026_2716_FD9	mous_in_inv_	matched
ClickOnPanel_seg026_2716_10D6	mous_in_panel_	matched
SetInteractionMode_seg026_2716_112A	deal_with_icons_	matched
DrawWeapon_seg026_2716_12F6	pick_fightmode_	matched
PutWeaponAway_seg026_2716_1396	punt_fightmode_	matched
ClickOnWeaponInInventory_seg026_2716_13E5	toggle_fightmode_	matched
InitPlayerProjectilesValues_seg027_2856_C	player_settr_	matched
MissileRelease_seg027_9E	player_fire_	matched
NPCMissileLaunch_seg027_2856_2C6	critter_fire_	matched
ProjectileSpell_seg027_2856_342	spell_fire_	matched
DropObjectByPlayer_seg027_2856_439	ReturnObject_	matched
ArrowTrap_seg027_2856_858	trap_fire_	matched
PrepareProjectileObject_seg027_2856_8DA	missile_fire_	matched
PlaceProjectileInWorld_seg027_2856_CCC	push_missile_	matched
GetHeightAdjustedByTileType_seg028_2941_E	GetHgt_	matched
GetTileZOffset_seg028_2941_1AF	GetSlopeHgt_	matched
GetNeighbourTileDetails_seg028_2941_217	SolvePnt_	matched
seg028_2941_2CF_terrainrelated	SolveCenter_	matched
ProcessMotionTileHeights_seg028_2941_385	TerrainCheck_	matched
seg028_2941_803	ComputeHeading_	matched
GetTileAttribute8_seg028_2941_A6D	get_home_tile_	matched
CreateCollisionRecord_seg028_2941_A78	obj_coll_check_	matched
ScanForCollisions_seg028_2941_C0E	ObjectCheck_	matched
SwapCollisionRecords_seg028_2941_E73	oCswap_	matched
SortCollisions_seg028_2941_ED8	process_objlist_	matched
TestIfObjectFitsInTile_seg028_2941_1021	can_place_	matched
MoveObjectToCoordinates_seg028_2941_1245	put_at_	matched
PlaceObjectAtAnotherObjectPosition_seg028_2941_1300	near_mob_put_at_	matched
MoveAndFitObjectToCoordinate_seg028_2941_135A	drop_around_place_	matched
ClearTilemap_seg029_2A8E_6	Map_ObjFix_	matched
CallFunctionOnObjectsInChain_seg029_2A8E_117	Obj_Check_	matched
ObjectCullingRngTest_2A8E_1D1	chkTenacious_	matched
ObjectCullingTest_seg029_2A8E_251	Obj_Elem_Fate_	matched
CullingCheckOnObjectChain_seg029_2A8E_314	Obj_Fate_	matched
CullObjects_seg029_2A8E_354	Obj_GarbageCollect_	matched
GetAvailableObjectAddress_seg029_2A8E_471	Obj_Alloc_	matched
AddToFreeObjectLists_seg029_2A8E_508	Obj_Free_	matched
InsertObjectToList_seg029_2A8E_58C	Obj_Add_	matched
LinkObjectToList_seg029_2A8E_5FA	Obj_AddEnd_	matched
UnlinkObjectFromLinkedList_seg029_2A8E_684	Obj_Rem_	matched
RemoveObject_seg029_2A8E_704	Obj_Punt_	matched
ClearLinkedList_seg029_2A8E_799	Obj_FreeChain_	matched
RemoveObjectAndChainFromLists_seg029_2A8E_85C	Obj_FreeLinkChain_	matched
GetNextOrLinkedObject_seg029_2A8E_8BE	Obj_PtrTMem_	matched
ReverseObjectLookup_seg029_2A8E_927	Obj_MemTPtr_	matched
LookupObjectByIndex_seg029_2A8E_971	Obj_IntTMem_	matched
FindObjectListHeadObject_seg029_2A8E_9B2	Obj_Find_	matched
TestIfStaticOrMobile_seg029_2A8E_A87	IsMobElem_	matched
AddtoEndOfTileMapMobiles_seg029_2A8E_AA5	active_critter_	matched
RemoveFromMobilesList_seg029_2A8E_AB8	free_critter_	matched
GetLinkedOrNextObjectWithFilter_seg029_2A8E_B6B	Obj_InList_	matched
CheckIfItemID_Or_ContainsItemID_seg029_2A8E_C6B	HasOrIsObj_	matched
FindItemInMapByClassWithPosition_seg029_2A8E_CD4	Obj_FindInMap_	matched
FindObjectWithSpecificProps_seg029_2A8E_D79	Obj_FindInMapSquare_	matched
CheckWeightOnPressureTrigger_seg029_2A8E_DAD	check_weight_	matched
CountObjectsInChain_seg029_2A8E_EDD	flog_list_	matched
CountObjects_seg029_2A8E_F9A	count_list_	matched
CheckCountOfAllObjects_seg029_2A8E_1053	Obj_ListOkay_	matched
CrunchObjectList_seg029_2A8E_1200	ObjCrunch_	matched
BounceOtherObject_seg030_2BB7_8	bounce_obj_	matched
MissileImpact_seg030_2BB7_B2	missile_newhit_	matched
CollideObjects_seg030_2BB7_1CE	do_objhit_	matched
InitMotionParams_seg030_2BB7_43D	get_phys_data_	matched
ApplyProjectileMotion_seg030_2BB7_689	set_phys_data_	matched
MoveObjectToMobileObjectList_seg030_2BB7_B0C	static_to_mob_	matched
InitMobileObject_seg030_2BB7_C27	mob_init_	matched
OilOnMud_seg030_D5C	do_filanium_	matched
ObjectHitsFloorTile_seg030_2BB7_DDF	mob_to_static_	matched
seg030_2BB7_107A	update_hack_vecs_	matched
PlacedObjectCollision_seg030_2BB7_10BC	obj_deal_	matched
CalculateMotion_seg031_2CFA_C	do_physics_	matched
CopyMotionValsFromInitialToBase25C4_seg031_2CFA_93	space_to_pos_	matched
SetCollisionTarget_seg031_2CFA_10E	set_targz_	matched
InitialMotionCalc_seg031_2CFA_412	space_to_motion_	matched
seg031_2CFA_78A	recalc_vecs_	matched
ZeroiseMotionValues_seg031_2CFA_7BF	stop_me_	matched
StoreNewXYZH_seg031_2CFA_800	back_to_space_	matched
LikelyTranslateXY_seg031_2CFA_8A6	flat_move_	matched
HeadingRelated_seg031_2CFA_A49	rehead_	matched
seg031_2CFA_C5C	do_2dbounce_	matched
MaybeReflection_seg031_2CFA_CC6	bounce_that_guy_	matched
DoCollision_seg031_2CFA_D1F	do_zbounce_	matched
MAYBEGRAVITYZ_seg031_2CFA_1138	full_move_	matched
ProcessCollisions_seg031_2CFA_12B8	grid_move_	matched
GetTileState_seg031_2CFA_134B	set_resterr_	matched
GetCollisionHeightState_seg031_2CFA_13B2	get_pcoll_	matched
DoTileCollisionMaybe_seg031_2CFA_179C	check_positions_	matched
JumpTrap_seg031_2CFA_1868	set_jmp_	matched
FindClosedDoorCollision_seg031_2CFA_190E	IsaDoor_	matched
GetCollisionObject_seg031_2CFA_19F7	CollObject_	matched
seg032_2E9B_F	place_3d_view_	matched
seg032_2E9B_9B	set_cyb_	matched
seg032_2E9B_200	init_3d_	matched
SetObjectRendingDataPtr_seg032_2E9B_24A	reset_db_	matched
seg032_2E9B_25D	send_db_	matched
seg032_2E9B_2AA	do_3d_grab_	matched
RenderScene_seg032_2E9B_2FD	render_FB_	matched
DRAWWorld_seg032_2E9B_355	establish_view_	matched
PositionCamera_seg032_2E9B_39A	setup_vars_	matched
ShadeCalcs_seg032_2E9B_4AF	preset_grid_	matched
SetRangeOfVisonParams_seg032_2E9B_5B8	init_grid_	matched
GetNextVisionTilePositive_seg032_2E9B_683	incvec_	matched
GetNextVisionTileNegative_seg032_2E9B_6A9	decvec_	matched
MaybeTestVisibilityNextTile_seg032_2E9B_6CF	enc_n_chk_	matched
MaybeTestVisionIntoDarkness_seg032_2E9B_AF5	newdels_	matched
ProcessLOSArcsseg032_2E9B_C9D	move_to_next_	matched
TestVisionAndShade_seg032_2E9B_1014	fill_the_grid_	matched
GetViewDistances_seg032_2E9B_1162	build_grid_	matched
LikelyDoRender_seg032_2E9B_121E	do_2dclip_	matched
LikelyMouseMove_seg035_31AB_8	player_mous_move_	matched
MoveInDirectionEvent_seg035_31AB_56	parse_playin_	matched
ProcessMotionInputs_seg035_31AB_1F6	do_player_keyboard_	matched
EasyMoveTurnEvent_seg035_31AB_350	player_simple_move_	matched
ClockUpdate_seg035_31AB_422	check_physics_	matched
GameObjectLoop_seg035_31AB_534	move_physics_	matched
RunPlayerMotions_seg035_31AB_5EB	finish_player_	matched
PlayerMotion_seg035_31AB_62B	move_player_	matched
SurfaceFootsteps_seg035_31AB_73A	make_noise_	matched
ApplyPlayerSneakScore_seg035_31AB_967	set_sound_	matched
WalkOnSurfaceTypes_seg035_31AB_A0C	parse_effect_	matched
SetScreenShake_seg035_31AB_CA3	set_effect_	matched
PositionCameraAtObject_seg035_31AB_CDF	get_eye_	matched
GetTile_seg036_32A9_F	Map_GetAddr_	matched
PrepareNewObject_seg036_32A9_44	CreateObj_	matched
seg037_32C0_3	set_flask_	symbol
seg037_32C0_A7	set_compass_	symbol
ResetUIElements_seg037_32C0_103	reset_scrgr_	symbol
DrawHUD_seg037_32C0_14C	init_scrgr_	call
ChangePanelMode_seg037_32C0_2A6	hold_scrgr_	symbol
seg037_32C0_2BE	free_scrgr_	symbol
UpdateUIAnim_seg037_32C0_2C8	set_screen_frame_	call
MaybeUIUdates_seg037_32C0_409	update_screen_	symbol
LoadWeapCM_seg037_32C0_FEB	load_weapcm_	call
DisplaySelectedRunes_seg037_32C0_1098	set_runes_	call
RedrawPanel_seg037_32C0_12F0	pretty_panelagain_	call
seg037_32C0_151E	get_wfr_	call
seg037_32C0_1567	do_fbuf_bms_	symbol
seg037_32C0_16AA	send_FB_	call
ReturnFar_seg037_32C0_16BF	player_look_shaft_	call
seg037_32C0_16C4	player_look_grave_	call
SkillCheck_seg038_342C_9	skill_check_	matched
Experience_seg038_342C_45	player_get_exp_	matched
RefreshPanels_seg038_342C_201	panel_check_hpmp_	matched
BeginLoadStringsPak_seg039_4	init_strings_	symbol
seg039_3452_84	free_strings_	symbol
GetStringByID_seg039_3452_8E	get_string_	call
CreateAGameString_seg039_3452_117	make_string_	call
AppendItemName_seg039_3452_327	get_name_	call
SplitObjectNames_seg039_3452_3ED	fix_name_string_	call
PrintStringFromBlock1_seg039_3452_4A4	game_sprint_	call
ObjectUse_seg040_34E7_F	UseObj_	matched
RemoveUsedObject_seg040_34E7_383	using_punt_	matched
CreateObjectInHand_seg040_34E7_4B4	place_new_	matched
KeyLockpickUsage_seg040_34E7_514	UseKey_	matched
UseObjectWithPrompt_seg040_35E7_55A	UseThing_	matched
WandUsage_seg040_34E7_5EF	UseWand_	matched
PotionDrink_seg040_34E7_6DE	UseReag_	matched
ToggleSwitch_seg040_34E7_720	flip_switch_	matched
CharacterDoorLockAndKeyInteraction_seg040_34E7_7AF	checkLock_	matched
CastSpellFromObject_seg040_34E7_998	checkSpell_	matched
TriggerObjectLink_seg040_34E7_A95	checkTrap_	matched
ReleaseSpell_seg040_34E7_C38	BlastFunction_	matched
GetItemEnchantment_seg040_34E7_C69	decode_obj_spell_	matched
ClearsEnchantmentFlag_seg040_34E7_DDE	remove_spell_	matched
MagicObjectUpdateCharge_seg040_34E7_E11	useNSpellCharges_	matched
ChangesLookupDown_seg041_35D7_3	mvcheck_	call
GetCoordinateInDirection_seg041_35D7_4E	move_along_	call
DiceRoll_seg041_35D7_11F	rollem_	call
EMM_seg042_35ED_6	init_mem_	symbol
seg042_35ED_9B	free_mem_	symbol
seg042_35ED_176	get_workspace_	call
seg042_35ED_1DE	set_workspace_	call
seg042_35ED_233	release_workspace_	call
seg043_3619_3	set_mouse_in_	matched
seg043_3619_22	do_main_scroll_	matched
seg043_3619_38	do_npc_scroll_	matched
seg043_3619_4E	do_play_scroll_	matched
seg043_3619_64	draw_edges_	matched
seg043_3619_B8	draw_conv_edges_	matched
seg043_3619_11F	scroll_up_	matched
WriteTextToMessageScroll_seg043_3619_1A0	scroll_print_	matched
RelatedToWritingToMessageScrollseg043_3619_2D0	scroll_print1_	matched
seg043_3619_322	scroll_print2_	matched
WriteTextToMessageScroll_seg043_3619_375	scroll_print3_	matched
seg043_3619_4FF	scroll_wrap_	matched
seg043_3619_618	draw_scroll_	matched
RemoveCompletedAnimo_seg044_368F_1	rem_anim_from_map_	matched
RemoveTheAnimationOverlay_seg044_368F_7F	rem_anim_from_list_	matched
EndDoorAnimation_seg044_368F_EA	toast_animobj_	matched
MoveAnimationOverlayLink_seg044_368F_3CE	Change_AnimPtr_	matched
AddAnimationOverlay_seg044_368F_43E	add_animobj_	matched
AnimoUpdate_seg044_368F_55C	do_animobj_	matched
LoopAnimationOverlaysAndTimers_seg044_368F_719	update_animobj_	matched
SpawnMultipleAnimoObjectCopies_seg044_8EA	fireball_effect_	matched
DetonateProjectile_seg044_368F_AB4	mts_doanim_	matched
SpawnClass7_ObjectAtTarget_seg044_368F_B8D	put_effect_	matched
GetAnimationOverlayIndex_seg044_368F_E0A	find_anim_	matched
GetDoorAnimationDuration_seg044_368F_E56	get_animlen_	matched
seg044_368F_E82	set_animlen_	matched
MovingDoor_seg044_368F_EAA	check_door_	matched
MoveObjectIndexInArrayToNewPositionTimerRelated_seg044_1094	rem_timer_obj_	matched
seg045_379C_6	grdb_blank_	symbol
seg045_379C_CB	gr_entry_	symbol
seg045_379C_D6	gr_tostrt_	symbol
seg045_379C_213	gr_putlab_	symbol
OpenArkFile_ovr093_779D_3A6	open_arc_	call
CloseLevArk_ovr093_779D_47F	close_arc_	call
ReadArkFileBlock_ovr093_C33	get_arc_	call
ViewAutomap_ovr094_0	AutoMap_	matched
UpdateAutomapTiles_ovr094_140	automap_area_	matched
SaveAutomapToArk_ovr094_2D3	SaveAutoMapLevel_	matched
LoadAutoMap_ovr094_328	GetAutoMapLevel_	matched
ClosingAutomap_ovr094_39F	ExitAutoMap_	matched
ClearAutomap_ovr094_412	ClearAutoMap_	matched
ovr094_427	ShowDungeonMap_	matched
ovr094_569	ShadeSide_	matched
ovr094_661	PixelDarken_	matched
PossiblyDrawAutomap_ovr094_6CD	DoTile_	matched
ovr094_8DA	DoDoorTile_	matched
ovr094_A19	DetermineBetterHit_	matched
ovr094_B11	true_gem_region_	matched
AutomapRelated_ovr094_BDF	ManageDungeonMap_	matched
WriteMapNotesToScreen_ovr094_1147	RedisplayStrings_	matched
MoveMapNotes_ovr094_1201	SaveTheWords_	matched
LoadMapNotesData_ovr094_12C6	GetTheWords_	matched
ovr094_1317	show_a_part_	matched
ovr094_1379	show_gem_parts_	matched
DisplayAutomapText_ovr094_13FB	ShowAutoMapLevel_	matched
ovr094_155B	ChangeAutoMapLevel_	matched
ChangeThemeToBrittania_ovr094_158E	automap_scr_	matched
GetMapPieceSegmentNo_ovr094_1598	map_section_	matched
CopyMapPiece_ovr094_1622	update_map_scraps_	matched
AutoMapTrap_ovr094_1878	make_terrain_unseen_	matched
ImportConversationVariable_ovr095_20AD	bab_var_	call
RetrieveConversationVariable_ovr095_214A	bab_var_out_	call
CreatePitFighters_ovr096_351	place_pitfighter_	string
do_demand_ovr097_13BD	do_demand_	string
InitialisePlayer_ovr101_0	init_char_	matched
GetSkillChoices_ovr101_291	set_sklmnu_	matched
StatsScreen_ovr101_380	show_atts_	matched
ChargenPrintCurrentStatSkills_ovr101_4D0	show_skills_	matched
RollSkills_ovr101_58E	set_skills_	matched
CharGenInitClassSkills_ovr101_5BB	roll_stats_	matched
PrintChargenOptions_ovr101_694	drawopt_	matched
MaybePrintChargenQuestion_ovr101_983	selopt_	matched
ovr101_BAF	mousopt_	matched
LikelyChargenChoice_ovr101_D44	pickopt_	matched
CharGen_ovr101_1078	gen_char_	matched
MaybeAnImageDraw_ovr101_15C3	adr_chrpic_	matched
MaybeAnImageUnpack_ovr101_15E5	move_chrpic_	matched
StartNewGame_ovr101_1624	strt_chargen_	matched
ovr101_18AD	create_player_	matched
FindObjectCombination_ovr102_16	ObjsBeCombinable_	call
CreateObjectCombinationOutput_ovr102_106	CombineObjs_	call
CanDoObjectCombination_ovr102_125	RemoveAfterCombine_	call
SetsALtoZero_ovr102_15E	make_stew_	call
InitConversation_ovr103_53C	Converse_	string
InitCritter_ovr104_5E	creature_obj_init_	call
InitialiseCritterValues_ovr104_73	init_this_critter_	call
ImportConversationVariables_ovr106_0	setup_converse_data_	matched
RetrieveImportedVariablesAfterConversation_ovr106_48F	update_converse_data_	matched
SetGoalAndGTargForNPC_ovr107_0	change_critter_goal_	matched
SomethingWithUpdatingAllNPCHunger_ovr107_3E	yearly_checkup_	matched
GetDefaultFreePositionOnTile_ovr107_BB	set_gridx_and_y_based_on_tile_type_	matched
ReturnNPCsToHomeTile_ovr107_115	up_crit_	matched
StopMobileObjects_ovr107_427	up_mob_	matched
ResetMobileObjectsAndNPCs_ovr107_56F	update_all_critters_whilst_player_snoozes_	matched
TestForNPCHostileAndAwareOfPlayer_ovr107_6B7	check_for_hostile_creature_	matched
TestNearbyNPCHunger_ovr107_73B	hostile_creatures_near_	matched
NPCFindsSleepingPlayer_ovr107_766	wander_that_monster_	matched
MoveNPCToTile_ovr107_BBA	teleport_critter_	matched
NPCSHuntForSleepingPlayer_ovr107_DBB	wandering_monster_check_	matched
LoadCombatState_ovr107_DE6	set_creatures_from_saved_game_	matched
SaveRecentCombatAction_ovr107_E1A	set_creatures_to_saved_game_	matched
ClearBitOnAllObjects_ovr107_E5E	clear_paths_	matched
ResetLastDamagedCharacter_ovr107_E98	init_level_creature_stuff_	matched
AngerNPCByIllegalAction_ovr107_EAB	critter_get_told_	matched
ClearOwnerShip_ovr107_10C3	clear_owner_	matched
FlagTheftToObjectOwner_ovr107_10F0	player_grabbed_	matched
HackTrapMovePitWarriors_ovr107_11AA	maybe_cheat_arena_fire_	matched
HackTrapMovePitWarriors_ovr107_11D7	maybe_rescue_guy_from_fire_	matched
DefeatLivingPitWarrior_ovr107_12FD	arena_opponent_runs_	matched
RunCastleSchedule_ovr107_133F	maybe_go_hang_out_	matched
CastleNPC_Schedule_ovr107_1409	where_shall_we_hang_out_	matched
PlayCutscene_ovr108_2DC5	show_cutscene_	call
AddTimeToClock_ovr110_949	pass_time_	call
Teleport_ovr110_9C2	do_teleport_	call
SpellTrap_ovr110_14DB	inanimate_spell_	call
UseFishingPole_ovr110_152B	go_fish_	call
HackTrapTrespass_ovr110_16D4	player_did_bad_	call
ItemRepairLogic_ovr110_25A9	repair_item_	call
ClearHeadingBit2FromAllObjects_ovr110_280F	clear_all_loretries_	call
PrisonTowerQuest60_ovr110_395D	prison_alarm_check_	call
TriggerTrapInTile_ovr110_3C53	fire_trigger_at_	call
MoveAcademyWand_ovr110_495A	remove_TK_wand_	call
SendAvatarToJail_ovr110_4E96	put_player_in_jail_	call
KilhornIsCrashing_ovr110_503E	Killorn_just_crashed_	call
GameInitialisation_ovr112_0	main_	matched
SplashPart1_ovr112_36	init_world_	matched
ovr112_1BF	free_world_	matched
SplashPart2ovr112_1FF	titlescr_	matched
ovr112_217	init_edit_	matched
ovr112_2AC	graceful_exit_	matched
ovr112_2BB	editexit_	matched
ResetMap_ovr112_2C6	clearobj_	matched
SetGameLoopForScreenMode_ovr112_2DF	change_screen_	matched
ShowMapAndOtherFullScreenUIs_ovr112_31A	newscr_	matched
ovr112_396	strt_demscr_	matched
MaybeSetupConversationUI_ovr112_448	free_demscr_	matched
ResetTimers_ovr112_45C	reset_times_	matched
ResetCharacter_ovr112_485	reset_game_	matched
ReturnToMainMenu_ovr112_57C	real_death_	matched
ovr112_657	do_3d_view_	matched
TeleportToPosition_ovr112_6B0	new_player_pos_	matched
CopyArkFilesToSaveFolder_ovr112_968	move_initial_files_	matched
CheckIfInFrontOfPlayer_ovr113_1EF	player_looking_	call
ErrorCanNoLongerRun_ovr114_D1	pfatal_code_	call
LoadCritterAnimations_ovr117_0	preload_cr_	call
CritterCRxxLoadRelated_ovr117_163	PreLoadCritPages_	call
OpenFont_ovr118_772BW_9B	grfx_quikfont_	call
ProbablyResetScreen_ovr118_E2	grfx_clear_	call
SetPalette_ovr118_171	grfx_quikpal_	call
FlashColour_ovr118_562	fill_FB_	call
SwitchCamera_ovr118_593	cameras_fade_	call
LoadArtImage_ovr119_548	gronk_gr_	call
LoadArtFile_ovr119_986	reload_gr_vpic_	call
PickupDropWorldorInventory_ovr121_0	DoSpecialActions_	matched
ChangeFClassToClosedContainer_ovr121_1A2	MakeBagClose_	matched
ovr121_1EF	CloseAllBags_	matched
ovr121_293	FixBagArea_	matched
ovr121_35B	CloseTheBag_	matched
MaybeAnInventoryRedraw_ovr121_424	DisplayOpenBag_	matched
UpdateInventorySlots_ovr121_4D8	FixOpenBag_	matched
UseClass2ContainerFromInventory_ovr121_6B6	OpenTheBag_	matched
ovr121_A73	ScrollItemsUp_	matched
ovr121_A98	ScrollItemsDown_	matched
AddItemToContainer_ovr121_B76	PutObjectInBag_	matched
ovr121_E91	SwapItemsInBag_	matched
GetTotalMassOfObjectList_ovr121_1019	BagWeight_	matched
ovr122_0	Punt_player_inv_	matched
CopyPlayerObject_ovr122_22	makePlayerInvCopy_	matched
SaveLoadPlayerDat_ovr122_17C	SavePlayerInv_	matched
ProbablyCopyObjectLists_ovr122_256	InvSaveNexts_	matched
ovr122_336	replaceInInv_	matched
ovr122_38A	allocSaveObj_	matched
ovr122_3A4	getSaveObj_	matched
ovr122_3C6	putInInv_	matched
CopyObjectToSlot_ovr122_41B	InvRestoreNexts_	matched
ClearObjectList_ovr122_50E	FreePlayerInv_	matched
CopyPlayerObject_ovr122_5C7	getPlayerInvCopy_	matched
LoadPlayerDat_ovr122_68D	RestorePlayerInv_	matched
AddRuneStonesToRuneBag_ovr123_0	add_rune_	matched
ClearRuneBag_ovr123_64	clear_runes_	matched
DrawRunestoneAtPoint_ovr123_7D	ShowRune_	matched
DrawRunebagContents_ovr123_D5	RedispRune_	matched
ClearSelectedRunes_ovr123_136	clear_shelf_	matched
ProablyRunePanelClick_ovr123_164	mous_in_rune_	matched
NotASpellMessage_ovr123_2A6	not_a_spell_	matched
ClickOnActiveSpell_ovr123_2B7	try_clear_	matched
PlayerAttemptsSpellCast_ovr123_387	try_cast_	matched
PrintSpellFailureReason_ovr123_471	fail_spell_	matched
PlayerCastsValidSpell_ovr123_494	player_cast_	matched
RedrawInventorySlot_ovr124_0	RedisplayInvSlot_	matched
GetItemInSlot_ovr124_15	WhatsInSlot_	matched
UseObjectOnSlot_ovr124_57	AddToInventory_	matched
FindObjectInInventorySlot_ovr124_14A	FindSlot_	matched
SearchInventoryForItem_ovr124_21C	FindObj_	matched
FindObjectInObjectList_ovr124_44C	find_obj_	matched
MaybeGetObjectClickedOn_ovr124_53F	pick_inv_	matched
GetObjectAtSlot_ovr124_5A4	AskInventory_	matched
RemoveObjectFromInventory_ovr124_5BB	InvRemoveObject_	matched
RemoveQty1FromPlayerInventory_ovr124_5D0	InvRemoveOneObject_	matched
RemoveQtyOfObjectFromPlayerInventory_ovr124_5E5	invRemoveObject_	matched
ovr124_79F	RemoveAllFromSlot_	matched
FindAndRemoveFromPlayerInventory_ovr124_827	RemoveOneFromSlot_	matched
FindAndRemoveQtyFromPlayerInventory_ovr124_8AF	removeFromSlot_	matched
FindAndRemoveQTYOfObject_ovr124_8DF	takeFromSlot_	matched
CheckIfEquipmentInValidSlot_ovr124_BB9	ObjWorn_	matched
EquipmentDamage_ovr124_C26	DamageInventory_	matched
GetObjectMass_ovr124_DF2	ItemWeight_	matched
CheckifWeightCanBeCarried_ovr124_E89	EncumCheck_	matched
ProbablyResetPaperdoll_ovr125_0	load_inventory_pix_	matched
ProbablyInitConversationUI_ovr125_48	BeginInventory_	matched
DoesNothing_ovr125_1E6	EndInventory_	matched
ClearPaperDollSlots_ovr125_1EB	ClearInventory_	matched
TradeInventorySlotClick_ovr125_242	DoInventoryMouse_	matched
ovr125_5B4	DoInventoryDrag_	matched
LoadMaleOrFemaleArmourArt_ovr125_68B	load_inv_pic_	matched
ProbablyRedrawInventory_ovr125_6C5	DisplayInvSpecial_	matched
InventorySlotRedraw_ovr125_904	DisplayInvObject_	matched
SwapTradeSlotObject_ovr125_9C2	SetCursorObj_	matched
MoveQuantity_ovr125_A7C	AskHowMany_	matched
CanObjectBeAddedToSlot_ovr125_BB1	ItemFitsSlot_	matched
MaybeItemClickOnSlot_ovr125_1208	RearrangeInventory_	matched
PutObjectInInventorySlot_ovr125_125C	AddToEmptySlot_	matched
CanObjectStackInContainer_ovr125_12AC	AddTogether_	matched
UseObjectOnInventorySlot_ovr125_1429	AddToOccupiedSlot_	matched
ovr125_1730	DisplayInventory_	matched
RedrawRangeOfSlots_ovr125_1776	displayInventoryArray_	matched
UpdateWeightCapacityOnScreen_ovr125_1935	displayEnc_	matched
ovr125_19BA	FindInventoryHit_	matched
LookDescription_ovr126_75BD_0	LookAt_	matched
BuildObjectIdentificationString_ovr126_36A	do_mods_	matched
MagicItemDescription_ovr126_45F	do_of_	matched
LookAtReadableItems_ovr126_6BC	BookLook_	matched
MiscMajor5Minor2_ObjectUsage_ovr126_82B	RectLook_	matched
LookAtBones_ovr126_AB0	BonesLook_	matched
LookAtKey_ovr126_BA6	KeyLook_	matched
GetNPCDescription_ovr126_BE8	CritterLook_	matched
LookAtItem_ovr126_DDA	SpecialLook_	matched
ObjectDescription_ovr126_E9B	GetObjDesc_	matched
DecompressArkData_ovr127_440	DecompressLZW_disk_	call
DataCompression_ovr127_795	CompressLZW_disk_	call
LoadLevARK_ovr128_76	Map_Load_	call
SaveLEVARK_ovr128_167	Map_Save_	call
PlayCredits_ovr131_0	show_credits_	call
LoadDatFiles_ovr134_0	init_objects_	string
GetObjectDatForItem_ovr134_F5	get_class_data_	call
CancelActiveSpell_ovr135_0	dispel_spell_	matched
PlayerUpdates_ovr135_131	duration_check_	matched
UpdateInventoryLightSources_ovr135_4E3	DegradeLights_	matched
SwimmingSkillCheck_ovr135_5EE	sink_sink_sink_	matched
PlayerStatusEffectSpells_ovr135_6C8	set_curmagic_	matched
OptionsMenuSaveGames_ovr136_364	restore_opt_	call
UseSkullsOnGravestone_ovr138_0	UseBonesOn_	matched
LookAtWatch_ovr138_6D	UseWatch_	matched
LookAtDataCrystal_ovr138_151	UseCrystal_	matched
BlackRockGemsUsedOnWorldGemovr138_1B9	UseKeyGem_	matched
UsePoleOnObject_ovr138_301	UsePoleOn_	matched
UseAnvil_ovr138_34F	UseAnvilOn_	matched
EatingFoodAndDrinking_ovr138_39B	UseFood_	matched
UseOilFlask_ovr138_9BE	UseOilOn_	matched
ReadBooksAndMaps_ovr138_C2F	UseBook_	matched
LockPicking_ovr138_EB9	UseLockpickOn_	matched
UseKey_ovr138_F92	UseKeyOn_	matched
UseContainer_ovr138_FEB	UseCont_	matched
LightUsage_ovr138_108F	UseLight_	matched
MiscMajor4_Minor1_ObjectUsage_ovr138_1243	UseUnique_	matched
TurnIntoMovingDoor_ovr138_12DD	moveDoor_	matched
MovingDoorOpenCloseRelated_ovr138_133E	changeDoor_	matched
DoorOpen_ovr138_142A	OpenDoor_	matched
DoorClose_ovr138_1542	CloseDoor_	matched
DoorToggle_ovr138_162C	ToggleDoor_	matched
EmptyContainer_ovr138_1664	DumpTheBag_	matched
RuneTraps_ovr138_1728	UseRune_	matched
UseMajorClass5_Objects_ovr138_182C	UseRect_	matched
Major4_Minor2_ObjectUsage_ovr138_1A4F	UseMagic_	matched
RockHammerUsage_ovr138_1BEA	UseRockHammerOn_	matched
MiscClass3_ObjectUsages_ovr138_1DC8	UseUtil_	matched
ovr139_0	init_scroll_	matched
LikelyWaitForMore_ovr139_29	scroll_wait_	matched
WriteTextWithMORE_ovr139_BD	scroll_more_	matched
ovr139_151	pick_scroll_	matched
PrintQTY_ovr139_16C	wd_replace_	matched
WriteYesorNo_ovr139_1E3	wd_bool_	matched
PlayerTypedInput_ovr139_251	wdialog_	matched
WaitForYesNoAnswer_ovr139_747	wyorn_	matched
ovr139_83C	scroll_clear_	matched
LoadTextureMapData_ovr140_9F	Txm_Load_	call
SaveTextureMapsToArk_ovr140_16C	Txm_Save_	call
LoadT64AndDoorsGR_ovr140_237	load_txtmaps_	call
CopyPlayerPropsFromObjectToPDAT_ovr142_5	save_player_data_	call
ReadPlayerDat_ovr142_102	read_player_data_	call
ShroomsCameraEffects_ovr142_27F	set_drugged_	call
RetrieveActiveSpells_ovr142_591	parse_aspells_	call
RefreshPlayerStatus_ovr142_732	FixPlayerEquips_	call
OpenDL_DAT_ovr142_AF2	load_dl_	call
InitPlayerObject_ovr143_0	InitPlayerRec_	matched
InitPlayerAndRegisterKeys_ovr143_B0	init_player_	matched
ovr143_722	mous_player_	matched
ovr143_97F	demous_player_	matched
PrintPlayerPosition_ovr143_9ED	report_loc_	matched
PrintGameVersion_ovr143_A67	show_version_	matched
SetCameraViewObjectDefaults_ovr143_A82	home_cam_	matched
RoamingSightInput_ovr143_B4B	move_cam_	matched
ChangeReferenceToCameraObject_ovr143_C4D	attach_eye_	matched
MakeObjectTheCamera_ovr143_D46	release_camera_	matched
HackTrapCamera_ovr143_D5C	crystal_ball_	matched
LookUpDown_ovr143_EFD	chg_plys_	matched
LookUpDown_ovr143_F7D	chg_plyp_	matched
ovr147_0	adr_opbtn_	matched
ovr147_22	move_opbtn_	matched
PlayIntroIfNoSaveGames_ovr147_94	do_intro_scene_	matched
DrawMainMenuLoadScreen_ovr147_CC	draw_start_buttons_	matched
MainMenu_ovr147_218	real_start_	matched
ovr147_53F	parse_start_mouse_	matched
MainMenuInputHandler_ovr147_76EE_72C	parse_start_input_	matched
MainMenuListSaveGames_ovr147_76EE_W_8E3	do_journey_	matched
MaybeCreateSaveGameFolder_ovr149_0	init_save_	matched
LoadGameMap_ovr149_92	GetLevel_	matched
SaveGame_ovr149_133	SaveLevel_	matched
EnumerateSaveGames_ovr149_1E6	get_save_descs_	matched
ListSaveGamesInScroll_ovr149_771E_2C2	ShowSaveRest_	matched
LikeylSelectSaveSlot_ovr149_358	DoSaveRest_	matched
OpenSaveGame_ovr149_771E_41B	RestoreGame_	matched
SaveGame_ovr149_771E_4E4	SaveGame_	matched
DeleteFilesInFolder_ovr149_66B	clear_dir_	matched
CopyFile_ovr149_771E_6EE	copy_file_	matched
CopySaveGameFiles_ovr149_771E_7FF	copy_dir_	matched
PlayerUpdatesOnLevelChange_ovr149_86E	ChangeLevel_	matched
OpenCloseDoorInTile_ovr149_903	gruesome_door_hack_	matched
LevelChangeEvents_ovr149_982	do_level_hacks_	matched
LoadBitMap_ovr150_0	display_screen_	matched
LoadBitmapFromBytArk_ovr150_4A	disk_to_vid_	matched
SCD_AllocatePointer_ovr151_1A6	Sched_SetBuf_	call
SaveSCD_ovr151_28C	Sched_Save_	call
ProcessSCDARK_ovr151_3A6	Sched_SetAllClocks_	call
OpenDataFile_ovr152_0	set_light_	string
OpenAndApplyShadesDat_ovr152_4A	set_light_	call
AllocateDataOffsetsForCompression_ovr153_0	ac_setup_lzw_	matched
ReadCompressedArk_ovr153_2B	ac_unshrink_disk_	matched
CompressData_ovr153_8C	ac_shrink_disk_	matched
UseDetectionSkills_ovr154_0	use_skill_	matched
TrackSkillEvent_ovr154_6E	player_use_skill_	matched
CalculateHealthManaWeightValues_ovr154_93	player_compute_	matched
CharLevelUp_ovr154_11C	advance_	matched
GetGoverningStatForSkill_ovr154_194	prime_	matched
RollSkillStat_ovr154_1B1	add_to_skill_	matched
AdvanceSkill_ovr154_273	get_skill_	matched
IncreaseSkillGroup_ovr154_3BB	grant_skill_advance_	matched
EndGameStats_ovr154_4A2	game_stats_	matched
Dreaming_SleepLogic_ovr154_90B	dream_	matched
SleepingOnDamagingSurface_ovr154_A85	drop_drunk_player_	matched
SleepingLogic_ovr154_B2A	player_sleep_	matched
MakeCampEvent_ovr154_FFD	player_key_sleep_	matched
ChangeHunger_ovr154_102F	player_eat_	matched
RunVictorySequence_ovr154_10AE	player_won_game_	matched
PostConversationCutscenes_ovr154_1124	cs_check_	matched
FindItemOnMap_ovr154_1169	moveto_	matched
PlayerResurrectRestorationEvent_ovr154_11CC	do_gem_	matched
ReturnFromDreamworldRestorePositionCallback_ovr154_13B2	do_dreamret_	matched
FindMoonStone_ovr154_13EE	do_mstone_	matched
ovr154_1401	punt_mouse_obj_	matched
AwakeFromVoidDream_ovr154_145D	punt_void_	matched
VoidDream_ovr154_14C7	go_void_	matched
DeathAndResurrection_ovr154_15B1	player_is_dead_	matched
CheckForTrapTrigger_ovr154_17C0	DetectedTrap_	matched
TrapDisarming_ovr154_1857	RemoveTrap_	matched
ApplyManaCost_ovr156_0	spend_mana_	matched
GetNoMagicTileBit_ovr156_29	anti_magic_p_	matched
SpellTrapWandNPCCast_ovr156_4C	cast_	matched
CastSpell_ovr156_C9	do_spell_	matched
ManaChange_ovr156_33F	restore_mana_	matched
PlayerHPRegenerationChange_ovr156_3ED	restore_hp_	matched
ChangeHealth_ovr156_485	get_hp_back_	matched
Class4_HealSpells_ovr156_4F7	healing_	matched
Class9Spells_CursedObjects_ovr156_53E	backfire_	matched
Class5_ProjectileSpells_ovr156_5CC	release_missile_	matched
CreateObjectInTile_ovr156_63C	build_new_obj_	matched
SheetLightning_ovr156_69B	sp_sheet_light_	matched
FlameWind_ovr156_728	sp_meteor_	matched
SmiteUndead_ovr156_843	sp_ward_undead_	matched
Poison_ovr156_8F0	sp_poison_	matched
ApplyAttitudeChangingSpellToNPC__ovr156_95A	hit_critter_goal_	matched
Charm_ovr156_9CA	sp_charm_	matched
MassConfusion_ovr156_A9E	sp_confusion_	matched
DirectDamageSpellWithVulnerability_ovr156_B44	wound_foe_	matched
Shockwave_ovr156_C22	sp_shockwave_	matched
BleedingSpellCast_ovr156_CC6	sp_bleed_	matched
SmiteFoe_ovr156_D48	sp_smite_	matched
Frost_ovr156_DC9	sp_frost_	matched
CauseFear_ovr156_EC0	sp_fear_	matched
RepelUndead_ovr156_F04	sp_repel_undead_	matched
Paralyse_ovr156_107E	sp_hold_	matched
RunCodeOnTargetsInArea__ovr156_10F6	process_area_	matched
RunCodeOnTargetsAroundObject_ovr156_13AF	gronk_area_	matched
RunFunctionOnWhoAmI_NPC_ovr156_1486	gronk_whoami_	matched
Class6_Spells_ovr156_14F3	nail_area_	matched
Class7_Group0to7_ovr156_1545	target_spells_	matched
Class7_SpellCast_ovr156_15E0	nail_1area_	matched
Class7Spells_Group1_ovr156_163C	obj_spells_	matched
MapAreaCallBack_ovr156_19C4	clip_circle_	matched
ClassD_Spells_ovr156_19FF	special_spells_	matched
SpellDamagesObjectsInTile_ovr156_1CA5	damage_square_	matched
StudyMonsterSpellDetailsAndProperties_ovr157_0	study_monster_spells_	matched
SpellCode_StudyMonster_ovr157_1D8	sp_study_monster_	matched
CanObjectBeEnchanted_ovr157_4F1	chargeable_	matched
EnchantmentFailureExplosion_ovr157_54F	sp_enchant_faildestroymess_	matched
ChargeObjectSpellWithEffectID_ovr157_63E	charge_object_	matched
FailEnchantment_ovr157_780	sp_enchant_destroy_	matched
EnchantObject_ovr157_7EB	sp_enchant_	matched
CanObjectBeRepaired_ovr157_B70	mendable_	matched
RevealSpell_ovr157_BF5	sp_true_sight_	matched
Class8Summoning_Spells_ovr157_CAB	creat_spell_	matched
DetectCreatureString_ovr157_1192	print_monster_	matched
DetectMonsters_ovr157_11E3	mdetect_	matched
QuakeSpell_ovr157_14D4	tremor_area_	matched
ClassB_Spells_ovr157_1618	xt_spells_	matched
AltarasWand_ovr157_19B1	thump_your_magic_twanger_froggie_	matched
AltarasWand_ovr157_1A0A	check_Guardian_magic_marker_	matched
RedrawStatPanel_ovr158_54D	panel_check_	call
SpillInventory_ovr163_0	drop_link_chain_	matched
SpillCritterInventory_ovr163_1F1	drop_some_objects_	matched
LootSpawnValuables_ovr163_21D	generate_treasure_	matched
LootSpawnFood_ovr163_396	generate_food_	matched
LootSpawnArms_ovr163_3FC	generate_weapons_	matched
LootSpawnOther_ovr163_51D	generate_equipment_	matched
SpawnNPCLoot_ovr163_609	generate_inventory_	matched
RunTrigger_ovr166_3B	UseTrigger_	call
TriggerTrap_ovr166_24C	SetOffTrap_	call
TRAPS_ovr166_5D6	UseTrap_	call
RemoveTrapChain_ovr166_1C95	delete_trap_	call
FindAndTriggerCreateObjectTrap_ovr166_2726	DoWanderingMonsters_	call
SCDFindandCloseDoor_ovr166_27D3	DoClosingDoors_	call
TurnVectorsIntoHeading_ovr167_7C	mpos_	call
GetPitWarriorPositionOffset_ovr167_101	octant_	call
GetDetectedCreatureDirections_ovr167_191	print_path_to_	call
