# segment	kind	functions	bytes	named	size only	calls disagree	unpaired	first named	last named	matched
seg000	library	10	1256	0	0	0	0			
seg001_023B	mixed	8	709	0	2	2	4			
seg003_0272	assembly	145	39818	0	24	2	119			
seg004_0849	assembly	78	33007	0	4	0	74			
seg005_105F	library	166	29915	0	0	0	0			
seg006_1413	C	30	14575	21	7	2	0	build_corpse_	try_to_open_door_	
seg007_17A2	C	36	13945	36	0	0	0	change_or_inc_seq_	move_mobile_	yes
seg008_1B09	C	16	5386	15	0	0	1	water_set_	hgt_change_	yes
seg009	C	11	1132	3	2	3	3	grs_which1_	pic_to_fbuf_	
seg010_1CA1	C	7	1123	6	1	0	0	init_input_	input_dispatch_	yes
seg011	C	4	1179	0	0	0	4			
seg012_1D31	C	3	185	3	0	0	0	mainloop_	editchng_	yes
seg013_1D3C	C	5	448	0	0	0	5			
seg014	C	6	579	6	0	0	0	setup_icon_buttons_	do_option_shortcut_	yes
seg015_1D7C	C	39	3944	35	4	0	0	init_mouse_	mouse_btns_	yes
seg016_1E73	C	56	12382	32	10	10	4	load_digi_fx_	music_over_	yes
seg017_2179	C	14	953	1	1	6	6	local_do_palette_	local_do_palette_	
seg019_21BA	C	12	5045	0	2	3	7			
seg020	assembly	1	74	0	0	0	1			
seg021_22FD	assembly	77	4210	0	11	34	32			
seg022_2405	assembly	51	2365	0	4	28	19			
seg023	C	2	330	2	0	0	0	rotate_bank_	cycle_colors_	yes
seg024_24E9	C	21	7040	20	0	0	1	pickloc_	player_killed_a_	yes
seg025_26A1	C	7	1877	7	0	0	0	remove_lock_	damage_object_	yes
seg026_2716	C	23	5124	22	0	0	1	display_scr_	toggle_fightmode_	yes
seg027_2856	C	8	3762	8	0	0	0	player_settr_	push_missile_	yes
seg028_2941	C	15	5320	15	0	0	0	GetHgt_	drop_around_place_	yes
seg029_2A8E	C	31	4754	30	0	0	1	Map_ObjFix_	ObjCrunch_	yes
seg030_2BB7	C	11	5172	11	0	0	0	bounce_obj_	obj_deal_	yes
seg031_2CFA	C	21	6675	20	0	0	1	do_physics_	CollObject_	yes
seg032_2E9B	C	21	4650	19	0	0	2	place_3d_view_	do_2dclip_	yes
seg033_2FBE	C	3	5349	3	0	0	0	do_obj_	do_door_	
seg034_310D	C	10	2530	4	6	0	0	do_partition_	do_objsort_	
seg035_31AB	C	13	4071	13	0	0	0	player_mous_move_	get_eye_	yes
seg036_32A9	C	2	356	2	0	0	0	Map_GetAddr_	CreateObj_	yes
seg037_32C0	C	32	5830	21	9	0	2	set_flask_	player_look_shaft_	yes
seg038_342C	C	3	603	3	0	0	0	skill_check_	panel_check_hpmp_	yes
seg039_3452	C	19	2395	8	3	0	8	init_strings_	game_strings_3_	
seg040_34E7	C	15	3828	15	0	0	0	UseObj_	useNSpellCharges_	yes
seg041_35D7	C	4	355	3	0	0	1	mvcheck_	rollem_	yes
seg042_35ED	C	8	701	5	1	0	2	init_mem_	release_workspace_	yes
seg043_3619	C	13	1886	13	0	0	0	set_mouse_in_	draw_scroll_	yes
seg044_368F	C	17	4309	15	0	0	2	rem_anim_from_map_	rem_timer_obj_	yes
seg045_379C	assembly	7	783	0	0	0	7			
seg046_37CD	assembly	43	7963	0	4	0	39			
ovr091	C	2	44	0	0	0	2			yes
ovr092	C	7	44	0	0	0	7			yes
ovr093	C	13	3629	7	4	0	2	get_ulong_	check_arc_	yes
ovr094	C	28	6350	25	0	0	3	AutoMap_	make_terrain_unseen_	yes
ovr095	C	58	8859	3	7	7	41	babl_setmem_	bab_var_out_	
ovr096	C	27	5202	12	15	0	0	babl_hack_	x_obj_pos_	yes
ovr097	C	37	8598	19	6	2	10	setup_to_barter_	does_npc_like_	
ovr099	C	7	38	0	7	0	0			
ovr101	C	16	6377	15	0	1	0	init_char_	create_player_	yes
ovr102	C	5	357	4	0	0	1	ObjsBeCombinable_	make_stew_	yes
ovr103	C	32	7084	14	14	0	4	TalkTo_	switch_pic_	
ovr104	C	5	665	2	3	0	0	creature_obj_init_	init_this_critter_	yes
ovr106	C	2	1659	2	0	0	0	setup_converse_data_	update_converse_data_	yes
ovr107	C	23	5677	23	0	0	0	change_critter_goal_	where_shall_we_hang_out_	yes
ovr108	C	76	13857	23	36	8	9	speech_over_	palette_fade_	
ovr109	C	2	54	0	0	1	1			yes
ovr110	C	68	20625	59	8	0	1	find_good_x_and_y_	Killorn_just_crashed_	
ovr112	C	21	2446	18	0	0	3	main_	move_initial_files_	yes
ovr113	C	31	3241	10	21	0	0	gronk_race_	Sched_DoEvent_	yes
ovr114	C	4	412	2	0	1	1	first_punt_	pfatal_code_	yes
ovr116	C	6	1190	0	1	0	5			
ovr117	C	5	949	2	1	2	0	preload_cr_	PreLoadCritPages_	yes
ovr118	C	19	1511	9	7	0	3	grfx_quikfont_	cameras_fade_	yes
ovr119	C	25	3009	10	10	3	2	_ld_open_	load_doors_	
ovr120	C	2	141	0	2	0	0			yes
ovr121	C	13	4309	13	0	0	0	DoSpecialActions_	BagWeight_	yes
ovr122	C	12	1980	12	0	0	0	Punt_player_inv_	RestorePlayerInv_	yes
ovr123	C	11	1703	11	0	0	0	add_rune_	player_cast_	yes
ovr124	C	20	3754	18	0	0	2	RedisplayInvSlot_	EncumCheck_	yes
ovr125	C	20	6738	20	0	0	0	load_inventory_pix_	FindInventoryHit_	yes
ovr126	C	10	4065	10	0	0	0	LookAt_	GetObjDesc_	yes
ovr127	C	4	3086	2	2	0	0	DecompressLZW_disk_	CompressLZW_disk_	
ovr128	C	6	906	3	1	1	1	Map_Init_	Map_Save_	yes
ovr130	C	2	138	0	2	0	0			yes
ovr131	C	1	24	1	0	0	0	show_credits_	show_credits_	
ovr132	C	1	7	0	0	0	1			yes
ovr134	C	3	299	2	0	0	1	init_objects_	get_class_data_	yes
ovr135	C	5	2001	5	0	0	0	dispel_spell_	set_curmagic_	yes
ovr136	C	32	2301	21	8	0	3	is_really_button_	load_buttongroup_images_	yes
ovr137	C	9	1027	8	1	0	0	pull_chain_	check_rest_	yes
ovr138	C	25	7823	25	0	0	0	UseBonesOn_	UseUtil_	yes
ovr139	C	9	2243	9	0	0	0	init_scroll_	scroll_clear_	yes
ovr140	C	6	681	4	1	0	1	init_txtlib_	load_txtmaps_	yes
ovr142	C	12	2927	7	4	0	1	save_player_data_	load_dl_	
ovr143	C	15	4004	13	0	0	2	InitPlayerRec_	chg_plyp_	yes
ovr146	C	1	5	0	0	0	1			yes
ovr147	C	10	2753	8	0	1	1	adr_opbtn_	do_journey_	yes
ovr148	C	1	7	0	0	0	1			yes
ovr149	C	14	2849	14	0	0	0	init_save_	do_level_hacks_	yes
ovr150	C	2	295	2	0	0	0	display_screen_	disk_to_vid_	yes
ovr151	C	17	1737	9	6	0	2	do_migrations_	Sched_Insert_	yes
ovr152	C	4	502	1	0	2	1	set_light_	set_light_	yes
ovr153	C	3	238	3	0	0	0	ac_setup_lzw_	ac_shrink_disk_	yes
ovr154	C	26	6964	26	0	0	0	use_skill_	RemoveTrap_	yes
ovr155	C	1	7	0	1	0	0			yes
ovr156	C	36	7525	36	0	0	0	spend_mana_	damage_square_	yes
ovr157	C	16	6977	16	0	0	0	study_monster_spells_	check_Guardian_magic_marker_	yes
ovr158	C	9	1383	8	1	0	0	sp_hdr_	panel_check_	yes
ovr159	C	1	7	0	1	0	0			yes
ovr162	C	1	23	0	1	0	0			yes
ovr163	C	7	1679	7	0	0	0	drop_link_chain_	generate_inventory_	yes
ovr165	C	2	19	0	2	0	0			yes
ovr166	C	27	12238	22	5	0	0	UseTrigger_	check_for_sunken_moongate_	
ovr167	C	23	2292	4	6	13	0	mpos_	print_path_to_	
