AddToFreeObjectLists_seg029_2A8E_508	Obj_Free
ClearLinkedList_seg029_2A8E_799	Obj_FreeChain
CloseFile_seg005_105F_2FE	close
CombineStrings_seg005_27F3	strcat
DataCopy_seg005_105F_36BD	F_SCOPY@
FileAccessFunctions_seg005_105F_1E46	open
FileWriteWithParams_stub167_8E	FileWriteWithParams
GetAvailableObjectAddress_seg029_2A8E_471	Obj_Alloc
GetNextOrLinkedObject_seg029_2A8E_8BE	Obj_PtrTMem
PlacePlayerInTile_seg008_1B09_137B	change_GrSq
ReadFileToAddress_stub167_66	ReadFileToAddress
ReverseObjectLookup_seg029_2A8E_927	Obj_MemTPtr
SetGameLoopBitField_seg012_1D31_AE	editchng
StoreStringInLocation_seg005_105F_2891	strcpy
UnlinkObjectFromLinkedList_seg029_2A8E_684	Obj_Rem
j_ClearPaperDollSlots_ovr125_1EB	ClearInventory
j_CopyPlayerPropsFromObjectToPDAT_ovr142_5	save_player_data
j_ProbablyResetPaperdoll_ovr125_0	load_inventory_pix
j_ReadPlayerDat_ovr142_102	read_player_data
j_RefreshPlayerStatus_ovr142_732	FixPlayerEquips
seg042_35ED_176	get_workspace
seg042_35ED_233	release_workspace
stub121_4D	FixBagArea
