DrawCursorAtCoordinate_seg009_26B	pic_to_screen
GetPositionIn3dWindow_seg015_1D7C_1FB	mouse_getxy
GraphicsCall_seg003_0272_46E6	grSoftPageFlip
LikelyDrawCursor_seg015_1D7C_C0	mouse_show
MaybeSetScreenSize_seg015_1D7C_3CD	mouse_freereign
MouseClickRelated_seg015_1D7C_2A9	mouse_release
PrintStringFromBlock1_seg039_3452_4A4	game_sprint
RegisterClickArea_seg010_1CA1_82	input_addmouse
j_OptionsMenuSaveGames_ovr136_364	restore_opt
seg003_0272_48F4	set_the_color
seg003_0272_4D3C	urectangle
seg010_1CA1_174	input_del
seg015_1D7C_D6	mouse_hide
stub136_61	sound_opt
stub136_93	busywaiting_new_options
stub136_A7	save_opt
stub136_B1	music_opt
