item,resist,damage,type,seed,result,seed_out
94,0,0,1,3005102375,0,3005102375
77,0,1,2,4126056858,1,4126056858
85,0,10,3,1278175493,10,1278175493
65,0,126,4,3592343767,126,3592343767
122,0,127,8,458134942,127,458134942
68,0,128,16,1224878921,128,1224878921
83,0,255,32,1966015286,255,1966015286
72,0,0,64,2141146732,0,2141146732
111,0,1,128,646049472,1,646049472
72,0,10,12,3113819900,10,3113819900
123,0,126,40,2931544541,126,2931544541
103,0,127,9,3305931272,127,3305931272
79,0,128,33,4090401175,128,4090401175
117,1,255,1,2527430327,0,2997265892
106,1,0,2,1552805258,0,1552805258
102,1,1,3,2753232720,0,1166097297
120,1,10,4,3863776478,10,3863776478
74,1,126,8,443023673,126,443023673
104,1,127,16,3328236276,127,3328236276
102,1,128,32,3232237318,128,3232237318
126,1,255,64,321954440,255,321954440
71,1,0,128,3479763856,0,3479763856
89,1,1,12,1084120264,1,1084120264
68,1,10,40,1683265245,10,1683265245
94,1,126,9,2213114323,126,1194384048
99,1,127,33,3899036987,127,275963704
77,2,128,1,2012085078,128,2012085078
100,2,255,2,2954639221,0,48177466
100,2,0,3,610283584,0,220036417
67,2,1,4,3689792016,1,3689792016
100,2,10,8,3623187077,10,3623187077
91,2,126,16,482627156,126,482627156
106,2,127,32,3329607264,127,3329607264
84,2,128,64,1953314395,128,1953314395
119,2,255,128,3151866426,255,3151866426
94,2,0,12,3999945581,0,3999945581
122,2,1,40,4117023640,1,4117023640
78,2,10,9,4202881526,10,4202881526
103,2,126,33,1811070748,126,1811070748
105,3,127,1,2875490036,0,2957287557
121,3,128,2,285758364,0,285923149
83,3,255,3,3782002150,0,1219300511
117,3,0,4,1502479879,0,1502479879
99,3,1,8,2608843466,1,2608843466
84,3,10,16,603398941,10,603398941
77,3,126,32,1178742434,126,1178742434
103,3,127,64,1286791071,127,1286791071
88,3,128,128,2093122653,128,2093122653
127,3,255,12,1016285789,255,1016285789
118,3,0,40,2826514861,0,2826514861
103,3,1,9,3746674486,0,3233374767
101,3,10,33,2395071043,0,1872904672
83,4,126,1,826890828,126,826890828
79,4,127,2,2244036048,127,2244036048
110,4,128,3,702465474,128,702465474
82,4,255,4,2188538593,0,2188538593
113,4,0,8,3836719995,0,3836719995
126,4,1,16,2694258935,1,2694258935
78,4,10,32,3838073401,10,3838073401
115,4,126,64,1856598533,126,1856598533
90,4,127,128,209609956,127,209609956
66,4,128,12,4150869985,0,4150869985
71,4,255,40,704195374,255,704195374
90,4,0,9,1051683909,0,1051683909
115,4,1,33,2578025233,1,2578025233
81,8,10,1,354987452,10,354987452
79,8,126,2,1103720553,126,1103720553
64,8,127,3,2518188251,127,2518188251
65,8,128,4,919365850,128,919365850
89,8,255,8,1444564659,0,1444564659
89,8,0,16,373681693,0,373681693
87,8,1,32,1635694448,2,1635694448
99,8,10,64,729578685,10,729578685
127,8,126,128,455083173,126,455083173
117,8,127,12,363272084,0,363272084
90,8,128,40,25148005,0,25148005
125,8,255,9,3894952392,0,1018203753
93,8,0,33,573247014,0,573247014
126,16,1,1,1819870807,1,1819870807
85,16,10,2,2678228934,10,2678228934
95,16,126,3,3146053627,126,3146053627
95,16,127,4,2242478660,127,2242478660
100,16,128,8,3684052079,128,3684052079
112,16,255,16,1425189911,0,1425189911
127,16,0,32,32121460,0,32121460
76,16,1,64,4137236125,1,4137236125
121,16,10,128,621339410,10,621339410
111,16,126,12,3880392385,126,3880392385
67,16,127,40,3948356844,127,3948356844
94,16,128,9,2902630318,128,2902630318
114,16,255,33,2548956665,255,2548956665
95,32,0,1,3835882646,0,3835882646
121,32,1,2,885075885,1,885075885
113,32,10,3,3496718899,10,3496718899
110,32,126,4,2992953201,126,2992953201
118,32,127,8,3623806730,255,3623806730
96,32,128,16,3642719734,128,3642719734
79,32,255,32,3648152112,0,3648152112
106,32,0,64,2252757791,0,2252757791
112,32,1,128,4247314924,1,4247314924
88,32,10,12,3652063565,20,3652063565
103,32,126,40,2506755607,0,2506755607
71,32,127,9,3869823241,255,3869823241
84,32,128,33,4219487271,0,1124597268
113,40,255,1,2568119511,255,2568119511
94,40,0,2,1007505574,0,1007505574
118,40,1,3,2390923251,1,2390923251
66,40,10,4,1654097655,10,1654097655
88,40,126,8,3385548179,0,3385548179
107,40,127,16,1560986662,127,1560986662
101,40,128,32,1443391601,0,1443391601
106,40,255,64,3711112139,255,3711112139
103,40,0,128,871007656,0,871007656
92,40,1,12,1037853714,0,1037853714
108,40,10,40,1530751095,0,1530751095
105,40,126,9,3174825475,0,3302916256
106,40,127,33,3222098892,0,335708477
69,64,128,1,3884389696,128,3884389696
85,64,255,2,984908304,255,984908304
73,64,0,3,2492881022,0,2492881022
87,64,1,4,1779060506,1,1779060506
89,64,10,8,1870469482,10,1870469482
121,64,126,16,1671004492,126,1671004492
111,64,127,32,3575993419,127,3575993419
93,64,128,64,322726078,0,322726078
98,64,255,128,3070137900,255,3070137900
87,64,0,12,4240475963,0,4240475963
84,64,1,40,2301400773,1,2301400773
120,64,10,9,1348392781,10,1348392781
70,64,126,33,2189347679,126,2189347679
71,128,127,1,941754410,127,941754410
117,128,128,2,260111166,128,260111166
91,128,255,3,1604158807,255,1604158807
104,128,0,4,4200092009,0,4200092009
110,128,1,8,785606505,1,785606505
116,128,10,16,2471552344,10,2471552344
93,128,126,32,1346518270,126,1346518270
83,128,127,64,3244397770,127,3244397770
100,128,128,128,1798308740,0,1798308740
97,128,255,12,873052252,255,873052252
78,128,0,40,3444937076,0,3444937076
102,128,1,9,1833367558,1,1833367558
101,128,10,33,1059167643,10,1059167643
118,11,126,1,3170753444,0,1428320501
89,11,127,2,869414688,0,1217472929
100,11,128,3,3113541817,0,2186601550
97,11,255,4,413694699,255,413694699
78,11,0,8,899024460,0,899024460
119,11,1,16,2009163315,1,2009163315
124,11,10,32,2988974205,20,2988974205
89,11,126,64,3851194575,126,3851194575
102,11,127,128,4200368491,127,4200368491
120,11,128,12,917056660,0,917056660
68,11,255,40,2884445128,0,2884445128
89,11,0,9,726433203,0,688951312
65,11,1,33,2877447277,0,628643986
103,35,10,1,38343190,0,778007183
97,35,126,2,1497624202,0,2487381651
83,35,127,3,2170259412,0,1071494885
91,35,128,4,2480141256,128,2480141256
118,35,255,8,2750356769,255,2750356769
72,35,0,16,1097057127,0,1097057127
111,35,1,32,4163233545,0,4163233545
92,35,10,64,3507009885,10,3507009885
69,35,126,128,1842458639,126,1842458639
97,35,127,12,1527341911,255,1527341911
103,35,128,40,3356327015,0,3356327015
104,35,255,9,1746276748,0,4246882813
65,35,0,33,2800879391,0,3995921260
72,32,0,8,1618803383,0,1618803383
125,8,0,32,395062737,0,395062737
66,32,4,8,483239370,8,483239370
80,8,4,32,3670089009,8,3670089009
126,32,8,8,3965526676,16,3965526676
103,8,8,32,2505615323,16,2505615323
70,32,12,8,49728973,24,49728973
113,8,12,32,1023395913,24,1023395913
126,32,16,8,3402571129,32,3402571129
126,8,16,32,1861614741,32,1861614741
92,32,20,8,2997505374,40,2997505374
125,8,20,32,151399646,40,151399646
87,32,24,8,2222788293,48,2222788293
77,8,24,32,2783178389,48,2783178389
111,32,28,8,1145556731,56,1145556731
116,8,28,32,2329688778,56,2329688778
90,32,32,8,2443335939,64,2443335939
72,8,32,32,364725825,64,364725825
70,32,36,8,2681885741,72,2681885741
102,8,36,32,2459819249,72,2459819249
114,32,40,8,37201073,80,37201073
110,8,40,32,4081142257,80,4081142257
97,32,44,8,1084767454,88,1084767454
107,8,44,32,1363167405,88,1363167405
95,32,48,8,2769258902,96,2769258902
93,8,48,32,3110680503,96,3110680503
80,32,52,8,3964241726,104,3964241726
71,8,52,32,1891993689,104,1891993689
69,32,56,8,269211207,112,269211207
86,8,56,32,882860161,112,882860161
122,32,60,8,1003061881,120,1003061881
98,8,60,32,1061584405,120,1061584405
124,32,64,8,3510211244,128,3510211244
90,8,64,32,1283444319,128,1283444319
84,32,68,8,3878281102,136,3878281102
94,8,68,32,4117207342,136,4117207342
99,32,72,8,4272134101,144,4272134101
127,8,72,32,3849803709,144,3849803709
80,32,76,8,4165653111,152,4165653111
103,8,76,32,1577007584,152,1577007584
100,32,80,8,90959302,160,90959302
120,8,80,32,4083641943,160,4083641943
120,32,84,8,780477919,168,780477919
124,8,84,32,118794790,168,118794790
116,32,88,8,592960370,176,592960370
115,8,88,32,3232069612,176,3232069612
69,32,92,8,780642698,184,780642698
92,8,92,32,2501603088,184,2501603088
74,32,96,8,1949391168,192,1949391168
107,8,96,32,1807724893,192,1807724893
70,32,100,8,3354944393,200,3354944393
113,8,100,32,3016716036,200,3016716036
85,32,104,8,2112728872,208,2112728872
126,8,104,32,1238232161,208,1238232161
70,32,108,8,1363674099,216,1363674099
106,8,108,32,2443783331,216,2443783331
96,32,112,8,1185029601,224,1185029601
82,8,112,32,3112453645,224,3112453645
107,32,116,8,755301786,232,755301786
98,8,116,32,412624679,232,412624679
100,32,120,8,3318297029,240,3318297029
67,8,120,32,4016022789,240,4016022789
85,32,124,8,3780858314,248,3780858314
111,8,124,32,3902170030,248,3902170030
70,32,128,8,624705115,255,624705115
120,8,128,32,1047163227,255,1047163227
121,32,132,8,1436628218,255,1436628218
117,8,132,32,3800339432,255,3800339432
80,32,136,8,513538181,255,513538181
120,8,136,32,949385559,255,949385559
101,32,140,8,4005448623,255,4005448623
64,8,140,32,3609155983,255,3609155983
106,32,144,8,841788813,255,841788813
121,8,144,32,4218888100,255,4218888100
94,32,148,8,2876382445,255,2876382445
68,8,148,32,3238926321,255,3238926321
104,32,152,8,4120730160,255,4120730160
84,8,152,32,3047042693,255,3047042693
75,32,156,8,2813947316,255,2813947316
70,8,156,32,867380100,255,867380100
127,32,160,8,3549605314,255,3549605314
118,8,160,32,1849096138,255,1849096138
102,32,164,8,3199402851,255,3199402851
88,8,164,32,2005333362,255,2005333362
87,32,168,8,1469395354,255,1469395354
73,8,168,32,4222963297,255,4222963297
66,32,172,8,2031426745,255,2031426745
102,8,172,32,1233874374,255,1233874374
124,32,176,8,3706983913,255,3706983913
87,8,176,32,859546269,255,859546269
99,32,180,8,2178836189,255,2178836189
79,8,180,32,720963888,255,720963888
93,32,184,8,1528201168,255,1528201168
89,8,184,32,1898632119,255,1898632119
68,32,188,8,676167063,255,676167063
78,8,188,32,3621226333,255,3621226333
96,32,192,8,869448356,255,869448356
89,8,192,32,2878625265,255,2878625265
73,32,196,8,3405030461,255,3405030461
81,8,196,32,3851561974,255,3851561974
84,32,200,8,2863281921,255,2863281921
95,8,200,32,857042348,255,857042348
120,32,204,8,1216326306,255,1216326306
111,8,204,32,2237673833,255,2237673833
81,32,208,8,1815022316,255,1815022316
64,8,208,32,2614759912,255,2614759912
84,32,212,8,568135828,255,568135828
119,8,212,32,1764742704,255,1764742704
64,32,216,8,3626558448,255,3626558448
93,8,216,32,845007054,255,845007054
69,32,220,8,1161822305,255,1161822305
83,8,220,32,1344951707,255,1344951707
109,32,224,8,1356209517,255,1356209517
65,8,224,32,1800920847,255,1800920847
89,32,228,8,3084497303,255,3084497303
82,8,228,32,1459256340,255,1459256340
108,32,232,8,2297685492,255,2297685492
71,8,232,32,476342313,255,476342313
100,32,236,8,3910178872,255,3910178872
107,8,236,32,3016656487,255,3016656487
101,32,240,8,2589595523,255,2589595523
65,8,240,32,4245579168,255,4245579168
114,32,244,8,85891854,255,85891854
82,8,244,32,2265972560,255,2265972560
97,32,248,8,2305370749,255,2305370749
65,8,248,32,2144491436,255,2144491436
64,32,255,8,2822083152,255,2822083152
121,8,255,32,2208444779,255,2208444779
126,224,229,149,16697479,0,3696141812
64,128,18,173,2624404996,0,2095779541
89,79,211,60,2998783857,0,2998783857
89,19,226,79,3442108407,0,3913992228
74,85,208,72,189619978,0,189619978
79,163,56,103,622166170,0,180784099
96,110,18,165,2516226065,0,465502598
68,77,248,50,2019938249,255,2019938249
72,232,236,120,541015411,0,541015411
102,140,243,49,1446154312,255,1446154312
69,217,9,179,2277730155,0,1804927784
65,186,180,217,131592072,0,679479081
110,166,194,135,152023225,0,2183263310
70,89,247,124,2126613267,0,2126613267
127,125,238,5,608579338,0,2019608851
108,52,36,104,984650055,0,984650055
93,101,122,112,4068352044,0,4068352044
120,158,19,216,2811388647,0,2811388647
93,219,82,57,4094718402,0,1246013739
95,126,68,114,1653411879,0,920009236
75,60,18,23,3081907053,0,40907666
97,221,80,193,26722953,0,2128282718
111,0,233,248,1991332474,233,1991332474
89,65,235,171,1250820258,0,2391506315
123,181,88,108,346014217,0,346014217
77,33,248,0,325490220,248,325490220
88,131,121,47,1243647199,0,2836339756
107,162,119,157,4228489244,0,2191437261
104,30,92,66,1191900468,92,1950522309
64,53,202,200,2031474853,255,2031474853
122,226,130,61,3047891733,0,729852250
101,252,94,54,3657464161,0,1412345622
110,151,43,33,2899637406,0,1210763447
127,159,164,167,2600165716,0,960151141
86,41,43,110,1450591898,0,1545832931
71,204,70,83,1080022463,0,1797091980
90,41,128,127,1206294036,0,4219415077
92,47,15,5,3609188747,0,1136550856
78,55,117,159,2407182060,0,2158632669
118,166,231,112,1147661034,0,1147661034
66,200,72,65,1124155947,0,2945043688
74,31,11,252,830455407,0,830455407
86,112,167,25,3791460456,0,3815095689
126,238,250,109,818738387,0,1916074416
125,118,149,47,3159965755,0,4291446328
76,204,164,191,2094780265,0,647884478
89,148,128,171,1012606018,0,1159634347
82,150,28,250,2812963696,0,3630456369
102,205,228,150,1083299851,0,3437433928
65,228,210,77,3658761786,0,1039939075
99,213,227,120,1077370764,0,1077370764
120,33,139,213,2220526226,139,1179331643
81,125,42,155,966719311,0,2651407708
102,14,215,140,318092053,0,318092053
118,143,102,23,683794409,0,591812926
111,29,237,248,3294564421,0,3294564421
69,39,97,187,2766437314,0,87472939
74,26,189,208,2564660495,0,2564660495
100,223,199,215,988605736,0,3948890441
104,177,74,115,1376414674,0,3805695611
119,160,52,49,2485386423,0,835261412
71,112,119,138,900441439,238,900441439
74,118,0,210,1982016576,0,4215515457
92,100,1,23,795299323,0,2942541560
101,144,148,23,538834585,0,304130990
123,135,247,95,1101693466,0,1662311267
106,126,228,199,1642642544,0,3724092209
67,171,104,15,3449691815,0,751385236
71,223,117,206,2208170324,0,799399525
70,3,208,148,2270889622,208,2270889622
115,6,52,181,105067426,0,2392394891
89,79,34,71,211981418,0,3190097395
96,27,93,16,937623510,0,937623510
96,177,110,225,3218514421,0,32124346
67,221,82,17,954456833,0,859874614
89,154,233,57,2524799914,0,269970995
83,241,71,79,902050116,0,2122902293
76,41,105,62,3337247769,0,274640686
99,223,6,138,592048612,0,3291122741
80,160,76,101,2865393608,0,508040297
68,191,110,78,1261900459,0,2503276392
74,203,192,68,2746783670,0,2746783670
127,64,44,165,1505395252,44,1505395252
96,95,10,84,4122846202,0,4122846202
86,36,24,23,3288411909,0,2102673930
117,181,205,250,1997325502,0,1919065943
95,24,56,252,3091283524,0,3091283524
112,177,138,79,3505147287,255,514200132
66,76,187,184,186253106,0,186253106
96,35,178,19,417060595,0,2775550544
64,248,157,95,4104289061,0,2536162474
76,97,24,163,2389361423,0,2781803548
103,15,75,107,996906506,0,3733003283
120,124,102,44,343680610,0,343680610
102,103,238,169,2444921969,0,3542319462
78,149,121,54,549796670,0,4071499735
106,7,37,197,1105085104,0,2100653681
83,131,255,183,2695048632,0,3295053593
91,122,78,191,328414197,0,544237498
86,153,169,81,1025728491,0,321549736
98,73,138,110,2092755033,0,1781610606
94,86,89,132,3816132045,0,3816132045
70,101,42,197,258835935,0,2145167660
