item,type,weapon_skill,debris
0,16,1,198
1,32,2,199
2,32,1,198
3,3,1,199
4,32,1,198
5,32,3,200
6,3,4,201
7,32,3,200
8,32,5,202
9,16,5,202
10,16,4,201
11,3,3,200
12,4,2,199
13,16,3,200
14,4,3,200
15,32,6,203
16,16,6,214
17,3,6,214
18,4,1,214
19,32,5,214
20,16,6,214
21,4,3,214
22,32,1,214
23,32,4,214
24,16,1,214
25,16,4,214
26,8,5,214
27,4,1,214
28,3,2,214
29,32,2,214
30,3,6,214
31,4,1,214
0,3,4,201
8,3,5,202
16,32,4,214
24,8,1,214
32,8,1,214
40,8,6,214
48,3,1,214
56,4,4,214
64,16,4,214
72,3,2,214
80,8,1,214
88,4,3,214
96,32,6,214
104,3,1,214
112,8,6,214
120,4,5,214
128,3,6,214
136,4,5,214
144,4,2,214
152,8,5,214
160,32,4,214
168,16,6,214
176,4,6,214
184,8,1,214
192,32,5,214
200,32,4,214
208,16,3,214
216,16,4,214
224,4,5,214
232,3,3,214
240,32,5,214
248,4,4,214
256,4,4,214
264,32,1,214
272,4,5,214
280,4,6,214
288,8,6,214
296,32,5,214
304,3,1,214
312,8,1,214
320,4,4,214
328,32,3,214
336,32,1,220
344,32,1,220
352,16,1,214
360,8,1,214
368,4,3,214
376,32,6,214
384,32,5,214
392,8,3,214
400,8,2,214
408,8,2,214
416,4,4,214
424,16,5,214
432,8,3,214
440,4,2,214
448,8,2,214
456,16,1,214
464,3,1,214
472,8,5,214
480,8,1,214
488,8,1,214
496,16,3,214
504,8,1,214
496,3,3,214
507,16,6,214
187,3,4,214
176,8,3,214
255,32,1,214
36,16,4,214
4,8,5,214
119,32,1,214
394,3,3,214
462,32,5,214
221,16,3,214
375,32,6,214
327,32,6,214
447,3,6,214
230,3,3,214
369,16,3,214
65,3,5,214
440,3,3,214
336,3,4,220
399,4,6,214
93,3,4,214
322,4,4,214
290,4,1,214
313,16,5,214
89,3,5,214
39,8,6,214
511,3,1,214
419,32,3,214
322,4,1,214
499,3,5,214
118,4,6,214
70,4,2,214
393,3,6,214
490,3,6,214
308,16,4,214
303,3,6,214
143,32,5,214
104,8,2,214
474,32,6,214
402,16,2,214
300,4,2,214
486,4,6,214
354,8,3,214
1,4,5,202
77,16,1,214
150,32,4,214
372,4,5,214
281,3,1,214
393,3,3,214
175,3,6,214
330,4,1,214
60,4,6,214
489,8,3,214
190,8,2,214
202,3,4,214
29,3,3,214
165,32,6,214
378,3,3,214
42,32,1,214
131,4,2,214
300,8,6,214
509,8,2,214
367,8,1,214
170,4,4,214
92,16,5,214
197,3,2,214
198,16,2,214
214,4,4,214
173,4,1,214
171,16,4,214
63,16,1,214
135,32,4,214
500,3,5,214
298,16,4,214
400,8,2,214
256,4,4,214
290,3,4,214
218,4,4,214
405,4,6,214
473,3,3,214
369,4,2,214
328,32,6,214
264,16,6,214
18,16,2,214
245,8,2,214
299,4,4,214
297,32,5,214
504,32,5,214
103,32,2,214
50,8,5,214
470,16,3,214
210,3,4,214
489,32,6,214
108,32,5,214
359,32,3,214
357,8,2,214
165,3,5,214
305,4,6,214
241,32,3,214
260,32,6,214
180,4,2,214
463,32,5,214
260,16,3,214
301,8,5,214
38,3,4,214
413,32,4,214
386,8,2,214
299,3,4,214
161,4,2,214
215,4,5,214
440,3,4,214
270,3,1,214
237,8,2,214
163,32,2,214
296,3,2,214
65,3,6,214
426,8,1,214
193,8,1,214
253,8,2,214
225,4,1,214
74,32,5,214
153,8,1,214
46,3,6,214
66,16,4,214
228,4,2,214
167,8,1,214
31,32,5,214
415,4,1,214
485,16,5,214
154,3,5,214
197,8,4,214
108,8,3,214
278,32,3,214
290,32,6,214
457,16,4,214
62,8,2,214
475,4,3,214
310,3,2,214
33,32,4,214
355,3,2,214
141,4,3,214
503,32,1,214
470,32,1,214
163,16,5,214
233,8,2,214
445,16,3,214
363,16,4,214
251,3,3,214
99,32,6,214
372,32,1,214
360,8,5,214
195,8,5,214
55,16,1,214
48,8,3,214
39,16,2,214
264,8,3,214
316,3,5,214
116,3,6,214
417,4,6,214
265,16,1,214
384,4,5,214
157,16,5,214
317,16,6,214
155,4,5,214
403,16,6,214
316,4,6,214
210,4,6,214
255,16,2,214
304,4,6,214
112,4,6,214
73,32,4,214
315,3,2,214
168,4,2,214
92,8,5,214
29,3,1,214
228,8,6,214
157,32,4,214
267,4,5,214
427,16,5,214
201,16,3,214
228,16,3,214
58,8,4,214
501,32,4,214
44,16,4,214
492,16,5,214
361,32,4,214
27,3,1,214
418,8,3,214
289,4,2,214
59,3,1,214
109,8,2,214
130,4,1,214
277,3,1,214
215,8,6,214
170,16,2,214
427,16,5,214
14,8,2,214
312,32,2,214
239,4,2,214
478,3,6,214
275,3,3,214
32,32,5,214
392,16,6,214
459,3,6,214
