item,sharp
0,1
1,1
2,1
3,1
4,1
5,1
6,1
7,0
8,0
9,0
10,1
11,1
12,1
13,1
14,1
15,1
16,1
17,1
18,1
19,1
20,1
21,1
22,1
23,1
24,0
25,1
26,1
27,1
28,1
29,1
30,1
31,1
32,0
33,0
34,0
35,0
36,0
37,0
38,0
39,0
40,0
41,0
42,0
43,0
44,0
45,0
46,0
47,0
48,0
49,0
50,0
51,0
52,0
53,0
54,0
55,0
56,0
57,0
58,0
59,0
60,0
61,0
62,0
63,0
2,1
10,1
21,1
31,1
37,0
47,0
48,0
60,0
65,0
72,0
82,0
91,0
98,0
107,0
118,0
123,0
134,0
142,0
149,0
158,0
166,0
172,0
181,0
187,0
196,0
201,0
215,0
216,0
226,0
232,0
242,0
249,0
256,0
270,0
275,0
280,0
295,0
300,0
308,0
313,0
323,0
330,0
341,0
350,0
353,0
366,0
369,0
378,0
384,0
392,0
407,0
409,0
416,0
430,0
439,0
445,0
451,0
459,0
468,0
475,0
485,0
493,0
496,0
508,0
108,0
285,0
269,0
282,0
173,0
48,0
42,0
29,1
387,0
27,1
379,0
326,0
467,0
390,0
481,0
438,0
90,0
240,0
468,0
190,0
273,0
0,1
442,0
323,0
502,0
493,0
240,0
371,0
319,0
480,0
216,0
116,0
246,0
317,0
195,0
75,0
443,0
407,0
166,0
147,0
128,0
300,0
479,0
202,0
291,0
97,0
496,0
247,0
470,0
437,0
456,0
481,0
166,0
293,0
224,0
414,0
441,0
24,0
463,0
292,0
110,0
155,0
3,1
71,0
284,0
13,1
412,0
324,0
355,0
116,0
60,0
33,0
486,0
252,0
177,0
103,0
386,0
461,0
29,1
457,0
412,0
461,0
112,0
421,0
462,0
334,0
238,0
446,0
48,0
337,0
493,0
418,0
266,0
110,0
163,0
344,0
31,1
8,0
231,0
260,0
347,0
102,0
114,0
483,0
322,0
117,0
195,0
92,0
179,0
362,0
473,0
485,0
477,0
51,0
162,0
292,0
483,0
249,0
42,0
1,1
428,0
105,0
199,0
214,0
202,0
508,0
157,0
241,0
199,0
55,0
417,0
388,0
86,0
256,0
221,0
21,1
271,0
193,0
457,0
113,0
12,1
382,0
341,0
444,0
217,0
265,0
270,0
223,0
248,0
139,0
58,0
97,0
46,0
316,0
356,0
364,0
376,0
376,0
165,0
343,0
501,0
221,0
497,0
314,0
493,0
122,0
501,0
489,0
270,0
144,0
79,0
29,1
