heading,dist,x,y,x_out,y_out
0,1,132,216,132,216
1,8,62,484,62,492
2,16,387,298,387,314
3,128,158,249,168,377
4,3,480,97,480,100
5,1,119,137,119,137
6,8,510,433,512,441
7,16,81,279,84,295
8,128,453,157,478,283
9,3,127,239,127,242
10,1,452,443,452,443
11,8,117,62,120,70
12,16,363,189,368,205
13,128,449,96,490,218
14,3,148,160,150,163
15,1,372,449,372,449
16,8,168,310,172,318
17,16,217,235,224,250
18,128,190,340,245,456
19,3,294,298,296,301
20,1,279,109,279,109
21,8,311,181,315,188
22,16,375,226,384,240
23,128,196,509,265,618
24,3,145,452,147,455
25,1,198,498,198,498
26,8,274,91,279,98
27,16,471,56,481,69
28,128,63,296,145,395
29,3,304,111,306,114
30,1,156,463,156,463
31,8,498,215,504,221
32,16,103,51,115,63
33,128,255,143,348,232
34,3,137,116,140,119
35,1,269,52,269,52
36,8,213,427,220,433
37,16,487,97,500,107
38,128,359,166,462,243
39,3,261,107,264,109
40,1,129,219,129,219
41,8,389,25,396,30
42,16,234,84,248,93
43,128,283,7,395,71
44,3,354,234,357,236
45,1,113,279,113,279
46,8,168,196,176,200
47,16,476,298,491,305
48,128,505,87,624,136
49,3,147,395,150,397
50,1,129,502,129,502
51,8,265,254,273,257
52,16,365,43,381,48
53,128,90,328,214,363
54,3,308,379,311,379
55,1,212,233,212,233
56,8,443,23,451,25
57,16,241,289,257,292
58,128,133,339,260,358
59,3,470,282,473,282
60,1,19,127,19,127
61,8,141,59,149,59
62,16,417,284,433,284
63,128,127,275,255,279
64,3,271,253,274,253
65,1,363,504,363,504
66,8,494,318,502,318
67,16,32,170,48,168
68,128,445,101,573,88
69,3,276,186,279,186
70,1,499,333,499,333
71,8,424,102,432,100
72,16,487,62,503,58
73,128,287,476,412,447
74,3,100,64,103,64
75,1,403,221,403,221
76,8,294,101,302,98
77,16,295,400,311,394
78,128,320,137,441,93
79,3,296,444,299,442
80,1,69,230,69,230
81,8,141,460,149,456
82,16,63,156,78,149
83,128,392,499,507,441
84,3,453,70,456,68
85,1,103,150,103,150
86,8,394,75,401,70
87,16,12,324,26,315
88,128,133,363,240,291
89,3,366,469,369,467
90,1,254,102,254,102
91,8,108,488,115,483
92,16,389,195,402,184
93,128,271,405,368,321
94,3,132,91,135,88
95,1,12,52,12,52
96,8,234,481,240,475
97,16,145,392,157,380
98,128,481,213,567,118
99,3,267,241,269,238
100,1,381,0,381,0
101,8,20,367,25,360
102,16,144,29,154,16
103,128,347,339,421,234
104,3,385,398,387,395
105,1,500,485,500,485
106,8,441,151,446,144
107,16,410,405,418,391
108,128,388,438,449,325
109,3,304,511,306,508
110,1,104,431,104,431
111,8,234,377,238,369
112,16,452,381,459,366
113,128,380,480,427,360
114,3,411,321,413,318
115,1,324,76,324,76
116,8,119,234,122,226
117,16,276,11,281,-5
118,128,145,286,177,161
119,3,193,380,193,377
120,1,133,458,133,458
121,8,357,198,359,190
122,16,29,207,32,191
123,128,493,68,509,-60
124,3,0,199,0,196
125,1,69,378,69,378
126,8,42,198,42,190
127,16,92,224,92,208
128,128,298,487,298,359
129,3,330,359,330,356
130,1,98,122,98,122
131,8,96,252,96,244
132,16,45,188,43,172
133,128,190,378,174,250
134,3,85,393,85,390
135,1,427,492,427,492
136,8,103,332,101,324
137,16,354,225,350,209
138,128,13,319,-19,194
139,3,267,202,267,199
140,1,141,145,141,145
141,8,174,233,171,225
142,16,198,97,192,81
143,128,463,325,416,205
144,3,111,345,109,342
145,1,499,267,499,267
146,8,485,342,481,334
147,16,451,360,443,345
148,128,494,388,433,275
149,3,381,218,379,215
150,1,386,103,386,103
151,8,75,98,70,91
152,16,453,302,444,288
153,128,56,349,-18,244
154,3,147,88,145,85
155,1,98,379,98,379
156,8,141,152,135,145
157,16,213,144,202,131
158,128,482,439,396,344
159,3,7,430,4,427
160,1,446,84,446,84
161,8,275,388,269,382
162,16,398,270,386,259
163,128,115,132,18,48
164,3,415,485,412,483
165,1,3,189,3,189
166,8,476,54,469,49
167,16,67,457,53,447
168,128,440,465,333,393
169,3,391,378,388,376
170,1,183,455,183,455
171,8,459,221,452,217
172,16,399,1,384,-7
173,128,476,17,361,-41
174,3,360,256,357,254
175,1,144,210,144,210
176,8,343,380,335,376
177,16,80,415,65,409
178,128,105,50,-16,6
179,3,413,0,410,0
180,1,196,17,196,17
181,8,147,387,139,384
182,16,511,194,495,190
183,128,326,15,201,-14
184,3,194,321,191,321
185,1,419,381,419,381
186,8,408,107,400,105
187,16,494,137,478,135
188,128,141,89,13,76
189,3,443,198,440,198
190,1,137,490,137,490
191,8,103,184,95,184
192,16,353,275,337,275
193,128,141,138,13,142
194,3,236,0,233,0
195,1,444,31,444,31
196,8,29,289,21,289
197,16,396,213,380,215
198,128,113,330,-14,349
199,3,113,373,110,373
200,1,435,183,435,183
201,8,376,462,368,464
202,16,93,208,77,212
203,128,220,327,96,362
204,3,482,1,479,1
205,1,3,290,3,290
206,8,146,179,138,182
207,16,456,88,441,94
208,128,313,460,194,509
209,3,485,212,482,214
210,1,124,170,124,170
211,8,444,277,436,281
212,16,55,283,40,291
213,128,354,482,242,546
214,3,313,121,310,123
215,1,27,450,27,450
216,8,450,284,443,289
217,16,247,75,233,85
218,128,249,401,146,478
219,3,233,383,230,385
220,1,132,254,132,254
221,8,237,39,230,45
222,16,448,77,436,88
223,128,158,309,65,398
224,3,264,385,261,388
225,1,369,17,369,17
226,8,334,32,328,38
227,16,308,180,297,193
228,128,399,210,317,309
229,3,448,84,446,87
230,1,314,245,314,245
231,8,91,9,86,16
232,16,129,128,120,142
233,128,463,146,394,255
234,3,397,5,395,8
235,1,422,486,422,486
236,8,246,256,242,264
237,16,168,158,160,173
238,128,433,126,378,242
239,3,121,38,119,41
240,1,45,224,45,224
241,8,95,396,92,404
242,16,468,60,462,76
243,128,217,58,176,180
244,3,315,122,315,125
245,1,186,408,186,408
246,8,189,261,187,269
247,16,105,381,101,397
248,128,451,163,426,289
249,3,105,167,105,170
250,1,65,357,65,357
251,8,500,205,500,213
252,16,355,337,353,353
253,128,225,356,215,484
254,3,278,473,278,476
255,1,206,197,206,197
19,11,170,432,175,442
20,32,301,112,317,141
11,2,2,55,2,57
130,11,41,78,41,67
138,107,352,85,326,-19
6,7,21,127,23,134
191,2,280,295,278,295
65,0,326,84,326,84
62,127,471,475,598,481
228,16,53,372,42,385
238,2,442,57,442,59
247,127,466,398,438,522
7,128,422,116,444,243
157,3,414,356,412,353
190,64,360,487,296,483
162,127,105,376,11,291
245,32,345,50,336,81
195,1,99,289,99,289
140,0,491,109,491,109
190,3,485,39,482,39
147,2,219,386,219,384
187,3,423,267,420,267
69,128,152,260,280,244
2,127,443,472,449,599
72,2,279,346,281,346
221,7,486,310,480,315
118,96,19,172,43,78
208,8,52,103,44,107
41,2,180,33,182,35
151,64,93,442,58,387
83,16,5,424,20,416
38,2,336,401,338,403
232,0,24,228,24,228
3,46,105,49,109,95
175,1,23,427,23,427
46,11,242,166,252,171
236,128,472,185,411,298
124,0,35,256,35,256
14,127,79,174,122,294
184,11,274,328,263,325
116,0,231,490,231,490
132,3,298,249,298,246
225,1,366,231,366,231
184,0,446,395,446,395
236,24,172,43,160,65
68,36,59,160,95,156
190,119,324,139,205,133
15,126,23,146,69,264
51,127,434,120,555,160
129,16,254,302,254,286
88,64,280,361,334,325
144,16,30,145,23,130
132,3,138,105,138,102
65,64,14,290,78,288
247,32,186,87,178,119
76,24,181,25,204,18
122,24,240,482,244,458
204,7,390,182,383,185
255,127,223,332,220,459
88,3,495,188,498,186
16,3,490,158,492,161
72,7,254,380,261,378
221,2,274,107,272,109
86,100,77,127,163,75
216,3,39,321,36,323
139,125,169,201,135,80
58,7,407,498,414,500
237,128,355,301,297,416
53,127,459,486,582,520
221,16,448,403,435,414
240,2,470,78,470,80
35,0,461,225,461,225
107,24,86,372,98,351
212,127,98,23,-14,83
16,3,323,151,325,154
88,24,195,416,215,402
181,1,44,197,44,197
101,61,68,259,106,211
7,11,213,297,215,308
149,8,53,302,49,295
120,32,128,348,135,316
76,24,78,245,101,238
74,1,253,160,253,160
164,72,428,249,372,203
183,127,481,353,357,325
217,0,65,321,65,321
150,64,64,58,31,3
15,64,41,300,65,360
1,7,14,175,14,182
53,128,22,348,146,383
234,39,506,231,486,265
17,11,464,251,469,262
15,32,149,327,161,357
212,16,121,408,106,416
23,32,408,428,426,456
59,16,262,185,278,187
35,7,299,97,305,102
144,0,45,275,45,275
194,7,330,57,323,57
180,16,511,278,495,273
31,2,355,102,357,104
75,7,178,17,185,15
198,7,340,247,333,249
223,32,292,303,268,326
237,8,243,483,239,491
243,64,87,409,66,470
207,2,511,138,509,138
63,127,174,496,301,499
205,128,145,42,23,83
248,0,251,379,251,379
227,2,148,133,146,135
12,128,405,83,443,206
209,3,333,434,330,436
226,32,51,402,29,426
100,3,37,195,39,192
75,127,380,366,503,332
72,8,102,342,110,340
77,11,390,323,401,319
235,21,0,149,-11,168
34,127,363,328,457,413
18,24,351,125,362,147
119,8,137,83,139,75
12,3,58,70,58,73
31,3,496,203,499,206
162,64,164,394,116,351
132,7,316,192,316,185
211,2,373,319,371,319
241,16,224,487,218,502
5,2,22,132,22,134
214,2,42,188,40,190
44,32,277,458,306,474
88,32,151,510,178,492
45,8,425,40,433,44
75,127,474,365,597,331
49,14,278,211,292,217
14,0,392,306,392,306
94,1,242,425,242,425
158,7,369,58,364,52
194,128,174,6,46,13
85,7,421,506,428,502
151,32,399,40,381,12
70,16,498,187,514,184
183,32,124,477,92,469
20,7,206,27,210,34
