dz,dtop,az,atop,seed,loc,seed_out
40,64,20,28,0,2,0
40,64,21,29,1,2,1
40,64,22,30,2147483647,2,2147483647
40,64,23,31,2147483648,2,2147483648
40,64,24,32,4294967295,2,4294967295
40,64,25,33,22695477,2,22695477
40,64,26,34,2689723,2,2689723
40,64,27,35,569638380,2,569638380
40,64,28,36,3686804080,2,3686804080
40,64,29,37,2560100018,2,2560100018
40,64,30,38,529459443,2,529459443
40,64,31,39,1721196954,2,1721196954
40,64,32,40,1718509828,2,1718509828
40,64,33,41,3942369049,2,3942369049
40,64,34,42,4203458352,2,4203458352
40,64,35,43,600456708,2,600456708
40,64,36,44,2100168450,2,2100168450
40,64,37,45,1293750303,2,2614347884
40,64,38,46,191343713,0,4215377551
40,64,39,47,3294854869,0,4010031459
40,64,40,48,3258244444,2,2126240781
40,64,41,49,229499001,0,3536472551
40,64,42,50,1315974463,1,1317108349
40,64,43,51,1260454422,0,1754839452
40,64,44,52,2822685773,0,2606832411
40,64,45,53,417788951,2,1833274052
40,64,46,54,1755394352,2,1094438641
40,64,47,55,1769516250,0,1239132736
40,64,48,56,289594024,0,3272960926
40,64,49,57,3446212501,0,794213411
40,64,50,58,2923974398,1,703100740
40,64,51,59,3922189834,0,820552176
40,64,52,60,919342144,0,2213525622
40,64,53,61,3245973309,0,816623243
40,64,54,62,133476911,0,445605869
40,64,55,63,931194061,0,3181229979
40,64,56,64,2183726417,3,2711013318
40,64,57,65,2978393358,0,3886765268
40,64,58,66,2547624059,3,2007194488
40,64,59,67,2520283241,0,4263686743
40,64,60,68,583180539,3,583180539
40,64,61,69,3797808055,3,3797808055
40,64,62,70,3074031936,3,3074031936
40,64,63,71,2441482303,3,2441482303
40,64,64,72,120066439,3,120066439
40,64,65,73,2269153980,3,2269153980
40,64,66,74,2072201418,3,2072201418
40,64,67,75,791144478,3,791144478
116,151,33,72,2412686974,2,2412686974
118,125,26,61,2518503681,2,2518503681
45,69,10,38,3593804355,2,3593804355
16,39,51,77,64726248,3,64726248
81,92,7,10,1821566724,2,1821566724
91,117,84,107,812356769,1,1444148431
40,69,46,68,3513386445,1,3933524123
88,98,115,125,161434447,3,161434447
52,70,91,117,1342472769,3,1342472769
107,140,60,61,3302068092,2,3302068092
23,34,75,82,815726518,3,815726518
86,111,104,133,2818686259,3,2818686259
32,67,43,45,1657769764,2,691903093
53,91,87,90,1823265584,0,2481313766
102,122,97,124,628475162,2,143899235
92,97,107,128,3228226115,3,3228226115
109,134,8,38,3023505766,2,3023505766
77,115,73,74,3165942607,2,3165942607
94,133,27,33,1103362306,2,1103362306
109,145,78,99,3036794562,2,3036794562
22,26,117,152,580267566,3,580267566
100,115,46,82,2641058189,2,2641058189
110,147,56,79,460805151,2,460805151
12,43,103,119,770715088,3,770715088
39,73,114,141,2962813713,3,2962813713
30,50,116,122,2967885772,3,2967885772
65,76,101,137,3357130129,3,3357130129
31,54,84,88,2375998574,3,2375998574
85,118,73,109,4153583840,2,798045793
6,20,0,29,2449919084,3,2544450141
16,26,31,33,980281418,3,980281418
67,101,78,79,2001509809,0,981542239
73,75,117,156,1286060390,3,1286060390
15,22,16,49,2149577423,3,2149577423
55,85,43,52,784403111,2,784403111
109,110,25,41,3456776222,2,3456776222
25,54,66,102,505269873,3,505269873
92,114,65,85,3898170760,2,3898170760
35,59,119,124,2213244582,3,2213244582
87,122,85,106,499978735,2,3824257148
94,95,50,52,724836447,2,724836447
19,44,41,71,4265019720,3,4265019720
5,22,114,122,1720029559,3,1720029559
68,77,72,88,222354775,3,222354775
103,114,45,52,3104342028,2,3104342028
41,70,62,90,601402922,3,601402922
41,79,78,105,539751699,3,539751699
68,92,50,63,3957156501,2,3957156501
116,135,112,141,3448583275,3,1825731624
11,32,91,116,1317578063,3,1317578063
110,125,59,88,1288544329,2,1288544329
1,15,7,12,1325695401,3,4191835646
16,42,87,110,3317480775,3,3317480775
31,33,107,119,659913031,3,659913031
30,66,30,61,1113412501,2,606843866
59,98,24,50,1291664174,2,1291664174
23,62,91,92,3027485800,3,3027485800
101,114,84,111,3676627643,2,3676627643
72,94,70,85,296880584,0,3322872254
98,104,67,91,2261959516,2,2261959516
17,40,111,120,3295970561,3,3295970561
111,113,22,27,2323595602,2,2323595602
53,84,80,84,1141814311,0,2739184165
48,70,47,48,177620560,2,177620560
90,99,49,67,1057791240,2,1057791240
40,50,52,82,2536246804,3,2536246804
9,45,10,36,367971581,2,1524074082
0,20,32,55,150605605,3,150605605
59,83,36,54,3022329896,2,3022329896
20,26,48,65,1874031623,3,1874031623
30,50,34,63,2580684159,3,3139620172
104,110,115,129,3321995450,3,3321995450
4,15,83,112,865633205,3,865633205
79,111,47,56,3466303480,2,3466303480
4,25,113,130,2320779450,3,2320779450
57,95,116,154,540687503,3,540687503
21,46,98,123,3665571959,3,3665571959
67,99,90,104,74368301,0,2841457915
78,100,75,106,3862274216,1,1639711134
78,100,107,125,1737364437,3,1737364437
27,37,101,139,1048369611,3,1048369611
17,28,54,68,3785244967,3,3785244967
39,74,69,85,3133077359,3,3133077359
109,119,43,76,2449434504,2,2449434504
59,94,37,69,436524249,2,436524249
23,27,108,126,2992138099,3,2992138099
46,63,37,42,1318504808,2,1318504808
105,118,90,113,3132363998,2,3132363998
33,48,42,68,4002617200,3,4002617200
58,65,7,42,2905024953,2,2905024953
46,79,77,81,1539819353,3,1539819353
21,22,41,42,2170525975,3,2170525975
70,76,110,111,425114241,3,425114241
20,47,0,7,1497494839,2,1497494839
66,96,18,20,721371350,2,721371350
11,15,60,76,1260589257,3,1260589257
70,80,49,88,2973105776,2,2973105776
65,86,72,101,418728702,3,418728702
34,40,75,107,3219298063,3,3219298063
44,55,42,81,3849145847,3,3849145847
111,145,30,40,1437390375,2,1437390375
1,29,23,39,1069026480,3,1069026480
86,115,58,90,2161196036,2,2161196036
78,99,4,14,808167214,2,808167214
49,57,63,89,581023872,3,581023872
80,91,94,117,1284758147,3,1284758147
108,143,54,67,1245590996,2,1245590996
97,130,58,91,236053501,2,236053501
50,79,73,112,4167644745,3,4167644745
68,87,65,76,1222846692,1,3047795706
61,63,102,123,2824538373,3,2824538373
113,115,88,94,885168034,2,885168034
96,131,95,107,4264051694,0,1820742836
45,68,73,81,3208415553,3,3208415553
99,120,77,97,3502742684,2,3502742684
85,101,101,110,3614780109,3,3614780109
60,92,101,139,4227607654,3,4227607654
112,143,88,119,2085270878,2,2085270878
86,102,114,120,3549543258,3,3549543258
72,107,17,40,4273722123,2,4273722123
72,97,65,90,3916700487,2,2471446452
24,42,25,59,2713654637,3,2713654637
105,110,25,35,823093495,2,823093495
90,114,36,63,3114240405,2,3114240405
92,119,74,84,665784675,2,665784675
61,85,68,91,4035217122,0,2833345544
108,141,95,125,2348717645,1,1635802395
43,57,91,100,555336535,3,555336535
82,115,0,29,2052299659,2,2052299659
61,66,4,5,2001041131,2,2001041131
102,140,35,73,2766228500,2,2766228500
99,109,9,27,1619758109,2,1619758109
7,15,85,101,3858440527,3,3858440527
98,113,60,65,3610864775,2,3610864775
109,111,72,92,3725800479,2,3725800479
114,141,0,10,3193128423,2,3193128423
24,62,34,46,1502086778,0,1374000864
112,143,96,131,1331055134,0,2682157412
51,55,95,115,3151182893,3,3151182893
33,42,29,66,801678783,3,801678783
4,29,78,96,2185777601,3,2185777601
66,79,76,99,1445516435,3,1445516435
113,122,22,37,1245274762,2,1245274762
112,117,11,33,1482012294,2,1482012294
53,82,100,125,3767217731,3,3767217731
97,108,106,136,4076617138,3,4076617138
41,46,77,104,3924895468,3,3924895468
108,109,56,62,3598835668,2,3598835668
11,37,105,111,3091834548,3,3091834548
18,33,76,106,3322057840,3,3322057840
9,32,60,90,2331900205,3,2331900205
36,59,119,143,2134769276,3,2134769276
90,129,9,39,2059217769,2,2059217769
59,94,40,77,1781601174,2,1781601174
110,129,16,20,2005298338,2,2005298338
81,110,30,51,3245669151,2,3245669151
65,81,92,98,3280835864,3,3280835864
52,90,13,52,2519915633,2,2519915633
36,39,84,93,4124798084,3,4124798084
102,117,60,71,708852970,2,708852970
114,126,91,103,1127413362,2,1127413362
75,111,22,42,28841579,2,28841579
11,50,48,62,3998566358,3,3998566358
60,64,41,48,1081713273,2,1081713273
13,33,32,54,2057706231,3,2057706231
82,96,110,119,1090006168,3,1090006168
29,50,11,45,1166791379,2,1166791379
44,81,4,8,2911619936,2,2911619936
106,136,83,119,4280931077,2,4280931077
44,76,13,19,3862809201,2,3862809201
95,127,71,81,4104692934,2,4104692934
9,26,82,115,1036168848,3,1036168848
82,121,52,59,1397366954,2,1397366954
6,32,18,21,864291953,3,3067806054
49,72,20,34,1693218848,2,1693218848
4,31,42,78,3834728582,3,3834728582
9,10,16,27,1052688372,3,1052688372
17,52,24,61,4195220146,0,1694167384
18,51,28,67,3673588273,3,1726865958
67,83,55,82,1072975440,0,885611014
76,78,75,96,1345521729,3,1345521729
15,30,30,49,1325944551,3,1325944551
27,38,0,14,1686367508,2,1686367508
42,56,4,17,1320805535,2,1320805535
15,52,113,152,1878236693,3,1878236693
50,58,50,56,3113673731,0,1395595041
115,148,83,96,3641293084,2,3641293084
112,150,24,59,1706772414,2,1706772414
14,28,22,27,1571145650,1,1249859160
43,81,106,109,2509173964,3,2509173964
1,17,36,68,3058360305,3,3058360305
29,38,103,139,2437244700,3,2437244700
80,106,71,88,597169254,2,597169254
3,16,59,79,2040067098,3,2040067098
102,118,53,80,2700595483,2,2700595483
87,126,23,56,1608158151,2,1608158151
4,14,77,102,271728439,3,271728439
15,19,88,127,2018158,3,2018158
110,140,55,83,2349188630,2,2349188630
24,55,115,148,1573996613,3,1573996613
31,33,92,122,2726636691,3,2726636691
65,81,8,29,3251498466,2,3251498466
54,76,86,109,2180544924,3,2180544924
23,39,26,50,1845818256,0,746427718
38,50,87,101,448286098,3,448286098
96,128,39,75,3464943978,2,3464943978
48,79,14,48,3339708846,2,3339708846
55,82,86,106,1423915367,3,1423915367
39,70,64,88,3998937986,3,3998937986
95,113,9,40,1077641186,2,1077641186
37,62,44,59,1842198010,0,1587694176
104,126,30,31,3216606180,2,3216606180
99,131,16,53,881145746,2,881145746
98,119,41,60,814291360,2,814291360
102,129,42,80,2585870480,2,2585870480
81,114,32,43,1847981689,2,1847981689
92,127,68,88,4178419660,2,4178419660
26,54,68,81,3189882139,3,3189882139
63,95,57,95,1192272227,2,3882587008
92,118,59,64,1142849564,2,1142849564
113,143,85,88,2740687454,2,2740687454
23,41,98,125,1416485293,3,1416485293
91,108,16,34,1729292202,2,1729292202
83,118,99,126,2929571279,3,3989943772
6,9,80,91,3482367725,3,3482367725
77,85,16,55,2943736111,2,2943736111
8,36,15,52,3124428293,0,567873299
112,129,51,60,2632494780,2,2632494780
45,78,13,28,3116280891,2,3116280891
85,110,56,74,2389603876,2,2389603876
40,55,73,110,378565771,3,378565771
85,108,69,106,2194249355,0,1790471529
23,61,89,109,2247921577,3,2247921577
62,91,17,26,752140168,2,752140168
38,46,97,105,1384855609,3,1384855609
110,144,99,112,3638519769,2,3638519769
29,55,116,152,2516187828,3,2516187828
50,55,8,23,228641132,2,228641132
23,33,27,59,2272694439,3,2272694439
22,50,53,77,3465795078,3,3465795078
7,35,118,139,1698771972,3,1698771972
21,46,46,70,2564527004,3,2564527004
44,58,36,72,75107230,1,2393288420
47,65,59,76,1435138406,3,1435138406
69,84,109,121,3055450071,3,3055450071
56,64,56,93,2809333162,3,2809333162
101,124,85,111,1510481983,2,1510481983
102,141,107,120,2988291121,2,2001157158
102,111,20,25,3836761480,2,3836761480
94,96,100,115,4019118210,3,4019118210
13,51,54,70,48188086,3,48188086
110,122,68,70,1756967061,2,1756967061
