dice,sides,seed,total,seed_out
0,6,0,0,0
1,0,1,1,1
1,-1,2147483647,1,2147483647
-1,6,2147483648,-1,2147483648
1,1,4294967295,1,4272271820
1,2,22695477,2,2133350138
1,6,2588028474,1,2485992963
2,4,2528697453,6,960320059
3,24,3163210424,46,3048615047
5,4,590701576,14,1335928853
10,10,2349318177,51,3392807335
1,32767,3484053760,9911,2797036801
1,24,1853003074,1,2187788971
5,3,2520979715,12,1927596636
5,24,1640856508,68,4130532633
10,6,1868594706,34,2525670256
2,4,2277850890,6,586283760
8,24,2551004262,99,508286302
10,12,3674186,68,2047228136
5,62,2830104115,167,76374604
6,12,3260177831,41,1193929041
1,2,1546348137,1,3088724414
8,10,1778109484,44,3548753252
1,20,2584061178,4,2505266115
8,52,1001707138,220,1098434042
1,3,990558012,1,606353261
4,31,2063519222,102,1979024594
6,8,3510464312,28,3129550090
2,6,3944974469,7,4136551827
8,24,484667632,78,2594303912
4,4,2307479442,9,2078122926
5,6,3938628446,19,85087107
10,12,3095015712,75,3507673422
2,8,799835040,11,1163793622
10,10,1642660789,51,1193636891
4,20,784393610,34,3439452198
5,30,766047829,78,365937462
5,12,4048302901,36,4291022742
8,2,2095432843,10,1025172579
1,30,2352839594,25,3895223859
0,18,163775454,0,163775454
0,3,2443809935,0,2443809935
2,1,1666758517,2,630066435
8,3,1590796957,18,1093919541
3,30,2324123570,48,2974521401
3,8,146719589,7,2681749200
9,10,2660652496,43,3813815337
9,10,2652052992,48,2217390105
10,3,2343028706,21,2029135040
7,6,2109780038,33,3902477289
5,8,1531613796,25,2966053729
4,20,720844800,44,3821550780
10,6,623224381,39,4182834531
3,12,3854889693,22,3405900776
10,24,3561046648,137,905099494
9,20,750089791,97,789135940
7,2,2990110784,9,3105692667
9,12,1935491726,70,3341617599
6,8,1318781597,28,1561088439
1,20,1313374598,15,1536533695
8,2,2067776349,13,1684147189
7,12,2819547449,40,2156613904
8,10,3755470108,42,1326897236
10,24,269360465,128,3580409687
1,20,4145086896,5,2632513905
7,2,1375532812,11,1670242199
6,30,978549823,90,5333929
8,30,2782114556,145,3126997556
10,4,1415612801,30,4001858567
2,20,829487513,19,4076763655
9,12,3935578922,48,3836957323
3,4,1548707125,5,1457884768
5,8,443351140,18,2873641313
9,4,201548900,23,4001382989
6,13,2644292734,42,2395427392
2,10,888846356,13,1915621802
9,10,945620453,56,1215327458
7,8,3935000586,31,2415320221
1,30,1831237439,30,2087838220
4,24,410178246,58,3172257954
9,4,2771187324,24,3874571845
2,10,2184790084,10,2906695770
10,4,1610559084,18,173208762
0,30,1861428382,0,1861428382
5,20,3835063845,46,932934726
6,4,708506088,16,1941011258
0,3,2529994007,0,2529994007
8,3,1184912032,14,2968511320
8,48,920288161,229,2547659193
1,4,2329262423,3,1548607748
9,3,1564124343,18,3761912348
9,17,794323185,78,1131516126
6,30,3718972438,75,3794216344
3,6,3159978434,16,4192488201
3,6,539231517,6,1359264040
2,6,2576149280,5,1332199510
4,3,3867270080,9,4126807164
3,8,3953259739,11,4222764750
6,24,402949983,56,474029001
8,8,3781002879,43,1758995927
7,12,119164211,37,521497890
0,26,3934480980,0,3934480980
2,6,401344064,8,1241899638
9,10,657479669,43,4133673010
10,30,3418097275,150,746164465
2,10,3231851127,14,1111084533
5,8,3100643726,21,2713423987
5,24,2713879117,68,3724185102
6,10,1214170403,50,1350889005
7,6,3384586730,27,1795477245
8,10,3894518765,42,2255942277
7,30,1446279900,98,3926545447
0,12,3608683984,0,3608683984
8,2,824827390,14,1858537462
9,8,3940144523,54,1930811264
3,34,3972252246,42,2984220813
5,30,3859775769,46,186616202
0,12,2107567091,0,2107567091
4,20,1571666536,37,3517735588
0,2,4226211609,0,4226211609
4,26,2661425653,48,2905889441
8,4,1571197962,14,939736706
6,8,3730394791,28,1652687441
9,10,3024706016,50,3674487161
4,3,702906962,9,2631684718
7,6,270238730,18,75913373
9,10,698110636,57,4153140789
1,3,3243122550,3,1480488815
7,20,1870675448,61,2784840403
5,12,2844851312,36,730423069
5,4,3362287213,14,3164040878
6,4,1269256873,12,2237173155
1,12,3616162337,4,543145686
3,30,3592642236,39,3157759675
3,4,796716690,8,2996386201
6,4,2723064859,15,1375850469
5,8,2065722484,23,3061565361
3,3,1378005270,5,224548941
7,30,2925988724,123,3854115423
6,8,632509230,22,2769757296
8,6,1669003155,26,2541773419
9,4,1296674019,20,2608613816
5,30,4045613420,69,2680727433
6,30,1299495633,91,2322614283
7,8,2304107338,23,2153986781
5,24,378620525,60,898054830
1,5,3207198140,5,2091329517
3,30,1132981731,55,1466066998
9,30,2746751,161,1208120964
6,24,1032726210,95,3870444836
4,2,2428192786,7,3802901550
8,62,1218484449,236,1143834361
1,11,3257689873,1,127042694
4,24,2861817173,44,945453057
0,20,2270182884,0,2270182884
7,30,3214998803,112,214130050
7,8,801013789,24,1199977572
0,6,2604509220,0,2604509220
7,30,2600722752,98,4130201851
2,4,4286150469,3,710442579
0,8,3038691401,0,3038691401
1,10,3524894052,1,107613621
2,24,2232560903,25,222327813
4,4,2623242102,9,2511371858
0,12,3372965421,0,3372965421
6,10,2298484256,43,3558313010
2,8,3986472968,13,3230909950
6,2,3682678717,8,3253912535
5,20,3529535226,70,4175558927
2,8,2529020338,7,864372824
4,20,1338874379,59,3951274711
7,2,3607642598,13,3328859913
10,24,2084796237,140,3861429235
6,10,547391565,35,1666687719
10,10,2714956996,45,1092796754
7,10,297103886,43,1217416849
8,4,3731369694,22,3225423062
7,24,3683578669,90,3049511732
2,24,1176460506,24,1729944128
9,28,3604230736,84,2987313833
6,24,3820457071,80,3145573209
3,10,1891299929,23,3271599924
7,2,940038059,10,792022458
3,20,313163310,40,2753443461
4,30,3213494734,98,3870968106
9,6,2063505558,34,3909513319
10,10,2249793051,47,1322805137
1,24,1883955642,8,631990147
9,8,1307422553,29,614846310
10,12,1288362583,47,2260522093
9,4,488789603,26,3734679864
6,2,1954555041,8,2712244827
10,41,2431899151,169,2949091173
8,44,3026068397,222,3807517253
10,12,1017454930,67,1126083760
5,30,250198526,63,254478499
3,20,3084422241,21,2559800732
0,8,1876476524,0,1876476524
1,20,720927890,19,4172957243
0,52,2525247295,0,2525247295
1,4,1972973003,4,3909637384
9,54,2697812178,259,1346455891
9,55,3145531685,275,2756954402
6,20,2172854672,69,1882548514
5,20,106459341,49,3591440014
6,6,3250711328,24,3711707442
3,4,1962315833,10,3556555668
5,4,441134859,15,1106405764
10,20,1487562969,108,764346783
8,10,3301529329,33,2299517705
6,33,3876704070,123,1117902920
7,30,663546046,99,1732176513
8,29,959778050,96,2759715962
1,4,2075360824,4,3830329753
2,10,1184106894,10,1388137812
5,30,1035839969,93,3791937138
7,20,423849528,83,1362082323
10,6,3091335231,37,3012833813
3,30,1916295391,56,1932712194
5,10,1047016365,8,92827886
10,50,3895078060,214,3582433530
9,2,669123730,15,4286357523
4,10,1259508598,19,2375242322
7,4,1843027541,12,660543932
2,10,523777313,17,3976663375
7,30,851291140,118,3029090479
7,20,3120320742,81,3466473993
6,2,3135073867,9,1062441365
1,20,3536438704,13,1306627441
1,12,263872560,2,197429745
4,10,4127751108,29,1861201216
8,20,2519963056,84,679976040
10,60,1367649583,312,287013253
3,20,3492503788,31,622369579
9,6,321813549,40,2683779274
7,20,1059066104,100,1676530131
2,2,1296630964,2,3172227402
3,3,903312943,4,1112452626
1,6,1363648390,4,1099619007
7,10,1101546853,27,509895820
9,34,794500178,179,202953427
10,20,2228942542,101,3648856268
10,30,774142079,137,1562474581
2,4,766613237,3,1024749699
6,10,125906684,26,72993134
5,6,4087088122,19,3781460495
2,24,3016177124,29,1373131002
3,53,691141498,89,4282871137
1,54,2921903036,42,1632140781
1,10,1400694043,10,4247234712
9,30,3295722178,130,2269618691
7,4,2689798567,20,2331762630
7,2,1613118009,9,2696234512
6,30,2708129751,87,2413007617
1,2,3089534556,2,1202946317
0,8,3714098701,0,3714098701
4,3,1320000354,8,2935684734
3,12,1462088888,29,1809544839
4,31,2089014943,44,3594591019
1,8,1315000212,7,1852608933
0,8,2986886380,0,2986886380
3,4,570958418,9,244906585
1,2,781008475,2,4080771800
4,4,2286254515,7,2332043775
5,2,3362205521,7,1024772002
9,8,791433015,37,1473296028
6,4,3005170923,16,1677992245
4,38,3265185741,87,1918527737
4,20,2037352088,10,578295764
9,8,3874121206,50,3675613511
6,30,618752247,63,2157269281
1,8,2955080105,4,3142026750
1,24,3295891272,23,4116142569
9,17,2982733396,83,3048422141
5,6,4102554397,17,3393031198
1,20,2676818100,18,4054842693
6,10,1549946903,38,2760983873
1,3,2079907030,3,4144688207
3,12,3243595261,13,356607112
9,32,266000951,172,2705005980
7,20,3224475294,54,4172472545
8,6,492034090,26,3296112290
7,12,733976281,50,3302961200
0,12,12539742,0,12539742
9,10,59207781,63,2850990434
9,30,1744523442,105,587284147
9,20,2387820391,83,945191564
7,12,4110944641,27,3121305656
6,30,1262719914,97,3346491980
7,4,2454433485,10,882092116
9,6,1280238415,32,1636099220
6,20,3261332881,43,331323595
2,24,430855346,25,372144984
7,8,1295684858,20,2604279245
4,30,4033818606,71,2505200970
0,3,3422734747,0,3422734747
9,20,408290286,98,3578267295
5,2,1254823883,7,2910424388
6,12,3691758136,33,3246845962
8,8,607770818,51,1901715514
