angle,a,b
0,0,32767
256,804,32758
512,1608,32729
768,2411,32679
1024,3212,32610
1280,4011,32522
1536,4808,32413
1792,5602,32286
2048,6393,32138
2304,7180,31972
2560,7962,31786
2816,8740,31581
3072,9512,31357
3328,10279,31114
3584,11039,30853
3840,11793,30572
4096,12540,30274
4352,13279,29957
4608,14010,29622
4864,14733,29269
5120,15447,28899
5376,16151,28511
5632,16846,28106
5888,17531,27684
6144,18205,27246
6400,18868,26791
6656,19520,26320
6912,20160,25833
7168,20788,25330
7424,21403,24812
7680,22006,24279
7936,22595,23732
8192,23170,23170
8448,23732,22595
8704,24279,22006
8960,24812,21403
9216,25330,20788
9472,25833,20160
9728,26320,19520
9984,26791,18868
10240,27246,18205
10496,27684,17531
10752,28106,16846
11008,28511,16151
11264,28899,15447
11520,29269,14733
11776,29622,14010
12032,29957,13279
12288,30274,12540
12544,30572,11793
12800,30853,11039
13056,31114,10279
13312,31357,9512
13568,31581,8740
13824,31786,7962
14080,31972,7180
14336,32138,6393
14592,32286,5602
14848,32413,4808
15104,32522,4011
15360,32610,3212
15616,32679,2411
15872,32729,1608
16128,32758,804
16384,32767,0
16640,32758,-804
16896,32729,-1608
17152,32679,-2411
17408,32610,-3212
17664,32522,-4011
17920,32413,-4808
18176,32286,-5602
18432,32138,-6393
18688,31972,-7180
18944,31786,-7962
19200,31581,-8740
19456,31357,-9512
19712,31114,-10279
19968,30853,-11039
20224,30572,-11793
20480,30274,-12540
20736,29957,-13279
20992,29622,-14010
21248,29269,-14733
21504,28899,-15447
21760,28511,-16151
22016,28106,-16846
22272,27684,-17531
22528,27246,-18205
22784,26791,-18868
23040,26320,-19520
23296,25833,-20160
23552,25330,-20788
23808,24812,-21403
24064,24279,-22006
24320,23732,-22595
24576,23170,-23170
24832,22595,-23732
25088,22006,-24279
25344,21403,-24812
25600,20788,-25330
25856,20160,-25833
26112,19520,-26320
26368,18868,-26791
26624,18205,-27246
26880,17531,-27684
27136,16846,-28106
27392,16151,-28511
27648,15447,-28899
27904,14733,-29269
28160,14010,-29622
28416,13279,-29957
28672,12540,-30274
28928,11793,-30572
29184,11039,-30853
29440,10279,-31114
29696,9512,-31357
29952,8740,-31581
30208,7962,-31786
30464,7180,-31972
30720,6393,-32138
30976,5602,-32286
31232,4808,-32413
31488,4011,-32522
31744,3212,-32610
32000,2411,-32679
32256,1608,-32729
32512,804,-32758
32768,0,-32767
33024,-804,-32758
33280,-1608,-32729
33536,-2411,-32679
33792,-3212,-32610
34048,-4011,-32522
34304,-4808,-32413
34560,-5602,-32286
34816,-6393,-32138
35072,-7180,-31972
35328,-7962,-31786
35584,-8740,-31581
35840,-9512,-31357
36096,-10279,-31114
36352,-11039,-30853
36608,-11793,-30572
36864,-12540,-30274
37120,-13279,-29957
37376,-14010,-29622
37632,-14733,-29269
37888,-15447,-28899
38144,-16151,-28511
38400,-16846,-28106
38656,-17531,-27684
38912,-18205,-27246
39168,-18868,-26791
39424,-19520,-26320
39680,-20160,-25833
39936,-20788,-25330
40192,-21403,-24812
40448,-22006,-24279
40704,-22595,-23732
40960,-23170,-23170
41216,-23732,-22595
41472,-24279,-22006
41728,-24812,-21403
41984,-25330,-20788
42240,-25833,-20160
42496,-26320,-19520
42752,-26791,-18868
43008,-27246,-18205
43264,-27684,-17531
43520,-28106,-16846
43776,-28511,-16151
44032,-28899,-15447
44288,-29269,-14733
44544,-29622,-14010
44800,-29957,-13279
45056,-30274,-12540
45312,-30572,-11793
45568,-30853,-11039
45824,-31114,-10279
46080,-31357,-9512
46336,-31581,-8740
46592,-31786,-7962
46848,-31972,-7180
47104,-32138,-6393
47360,-32286,-5602
47616,-32413,-4808
47872,-32522,-4011
48128,-32610,-3212
48384,-32679,-2411
48640,-32729,-1608
48896,-32758,-804
49152,-32767,0
49408,-32758,804
49664,-32729,1608
49920,-32679,2411
50176,-32610,3212
50432,-32522,4011
50688,-32413,4808
50944,-32286,5602
51200,-32138,6393
51456,-31972,7180
51712,-31786,7962
51968,-31581,8740
52224,-31357,9512
52480,-31114,10279
52736,-30853,11039
52992,-30572,11793
53248,-30274,12540
53504,-29957,13279
53760,-29622,14010
54016,-29269,14733
54272,-28899,15447
54528,-28511,16151
54784,-28106,16846
55040,-27684,17531
55296,-27246,18205
55552,-26791,18868
55808,-26320,19520
56064,-25833,20160
56320,-25330,20788
56576,-24812,21403
56832,-24279,22006
57088,-23732,22595
57344,-23170,23170
57600,-22595,23732
57856,-22006,24279
58112,-21403,24812
58368,-20788,25330
58624,-20160,25833
58880,-19520,26320
59136,-18868,26791
59392,-18205,27246
59648,-17531,27684
59904,-16846,28106
60160,-16151,28511
60416,-15447,28899
60672,-14733,29269
60928,-14010,29622
61184,-13279,29957
61440,-12540,30274
61696,-11793,30572
61952,-11039,30853
62208,-10279,31114
62464,-9512,31357
62720,-8740,31581
62976,-7962,31786
63232,-7180,31972
63488,-6393,32138
63744,-5602,32286
64000,-4808,32413
64256,-4011,32522
64512,-3212,32610
64768,-2411,32679
65024,-1608,32729
65280,-804,32758
45661,-30948,-10763
39201,-18953,-26731
8765,24406,21862
13945,31873,7592
31934,2617,-32662
28685,12502,-30290
31234,4801,-32414
37051,-13080,-30043
16155,32758,719
31306,4577,-32445
58473,-20531,25536
41361,-24042,-22262
2998,9288,31421
60134,-16222,28469
47600,-32406,-4858
14887,32429,4686
49352,-32760,628
23571,25291,-20834
39209,-18973,-26716
32697,222,-32765
18959,31773,-8008
53672,-29738,13758
1096,3436,32585
20156,30646,-11593
59635,-17566,27661
26498,18531,-27023
6485,19084,26634
30481,7127,-31984
54706,-28230,16634
61965,-11001,30866
49170,-32767,56
54225,-28967,15315
54617,-28371,16392
40226,-21484,-24742
6301,18611,26966
39475,-19648,-26223
40155,-21315,-24887
20016,30800,-11181
40959,-23168,-23173
956,2999,32628
6072,18015,27369
38478,-17055,-27978
7459,21485,24739
15006,32480,4316
45982,-31264,-9806
24103,24195,-22096
10849,28259,16582
5294,15925,28635
32225,1705,-32723
39098,-18687,-26916
31578,3730,-32553
54341,-28795,15636
22048,28053,-16932
32802,-107,-32766
2765,8585,31621
51904,-31633,8545
22400,27465,-17868
38832,-17995,-27383
7463,21494,24730
61341,-12826,30151
4891,14808,29229
57830,-22066,24223
36821,-12415,-30325
29385,10442,-31058
0,0,32767
64,201,32764
128,402,32762
192,603,32760
256,804,32758
320,1005,32750
384,1206,32743
448,1407,32736
512,1608,32729
576,1808,32716
640,2009,32704
704,2210,32691
768,2411,32679
832,2611,32661
896,2811,32644
960,3011,32627
1024,3212,32610
1088,3411,32588
1152,3611,32566
1216,3811,32544
1280,4011,32522
1344,4210,32494
1408,4409,32467
1472,4608,32440
1536,4808,32413
1600,5006,32381
1664,5205,32349
1728,5403,32317
1792,5602,32286
1856,5799,32249
1920,5997,32212
1984,6195,32175
2048,6393,32138
2112,6589,32096
2176,6786,32055
2240,6983,32013
2304,7180,31972
2368,7375,31925
2432,7571,31879
2496,7766,31832
2560,7962,31786
2624,8156,31734
2688,8351,31683
2752,8545,31632
2816,8740,31581
2880,8933,31525
2944,9126,31469
3008,9319,31413
3072,9512,31357
3136,9703,31296
3200,9895,31235
3264,10087,31174
3328,10279,31114
3392,10469,31048
3456,10659,30983
3520,10849,30918
3584,11039,30853
3648,11227,30782
3712,11416,30712
3776,11604,30642
3840,11793,30572
3904,11979,30497
3968,12166,30423
4032,12353,30348
4096,12540,30274
4160,12724,30194
4224,12909,30115
4288,13094,30036
4352,13279,29957
4416,13461,29873
4480,13644,29789
4544,13827,29705
4608,14010,29622
4672,14190,29533
4736,14371,29445
4800,14552,29357
4864,14733,29269
4928,14911,29176
4992,15090,29084
5056,15268,28991
