value,target,seed,result,seed_out
-5,30,0,-1,1
-4,30,1,-1,22695478
-3,30,2147483647,-1,2124788172
-2,30,2147483648,-1,2147483649
-1,30,4294967295,-1,4272271820
0,30,22695477,-1,2133350138
1,30,3490729991,-1,892908404
2,30,3771959628,-1,2421724349
3,30,4134654672,-1,2699822353
4,30,1220472442,-1,2366933827
5,30,2581816853,-1,496011354
6,30,3461545939,-1,3293528240
7,30,2740454026,-1,276992659
8,30,3523982873,0,733106478
9,30,903907335,-1,1784957812
10,30,894897212,-1,433573997
11,30,1132157544,-1,3198510985
12,30,2694464173,0,1578271698
13,30,1879676336,0,1836555633
14,30,3577656799,0,281778476
15,30,1505351239,-1,3468230324
16,30,598130234,-1,1239354883
17,30,3379703733,0,4191094394
18,30,3690846037,-1,3960175258
19,30,1999578337,-1,3793301654
20,30,2992437923,1,32214464
21,30,1994450757,-1,3058231114
22,30,2707184605,-1,3033422530
23,30,313646645,-1,1680418554
24,30,3937914182,-1,154456959
25,30,3223842327,-1,3185921220
26,30,1844360131,0,1925095776
27,30,3699037073,1,64879366
28,30,887015300,0,2068940373
29,30,4121736170,0,2782301043
30,30,748088049,0,3230536166
31,30,1007756915,2,2696019920
32,30,4036901899,0,770426952
33,30,3023986372,0,1722898069
34,30,1957064920,0,1623665849
35,30,826001760,0,2491150561
36,30,29250373,1,3842523978
37,30,2850144565,1,373106170
38,30,1775651200,2,2327984001
39,30,940347745,2,3959400214
40,30,2175824965,2,3258390602
41,30,28422752,1,2481139169
42,30,2331574362,2,491552419
43,30,1899415171,1,1843462944
44,30,1866847061,2,4038764186
45,30,483584437,2,427919482
46,30,1398532357,2,868795402
47,30,730136463,1,4021058204
48,30,4121054991,1,687271964
49,30,2077881580,2,330800349
50,30,1466886399,2,3449417420
51,30,1643366177,2,2965260246
52,30,2087689537,2,1323261046
53,30,922381264,2,1708241425
54,30,431725561,2,1273440398
55,30,3518199498,2,2774344659
56,30,3596518109,2,203582914
57,30,2140140127,2,3641450412
58,30,808876179,2,2326904944
59,30,1169928692,2,601632645
60,30,1136673811,2,2637816304
61,30,107042408,2,3272250249
62,30,3607558975,2,941962764
63,30,3205722122,2,3903667731
64,30,2469891065,2,2511329422
65,30,3079455054,2,645253415
43,40,508458225,0,999924710
59,25,109351872,2,1878464193
39,27,2111137072,2,3571618545
59,39,417891702,2,1648989551
55,3,2207005926,2,1165143967
35,6,294720890,2,3732446787
19,18,1252049310,0,500316599
23,46,1777402093,-1,2642372370
14,45,2205547132,-1,3042354093
21,40,1122068225,-1,3177619766
48,10,3201396032,2,4179959361
27,32,3950718729,0,3674176222
5,23,1551166173,0,846591426
25,18,1738508120,1,4231255353
13,10,3983446970,2,2185970051
18,23,200618913,0,4145593942
53,22,904079938,2,2082200491
49,61,1579240855,-1,2157908548
57,8,363934861,2,2185549618
16,16,1817189274,0,589472483
6,39,17732426,-1,3135834707
23,13,4216437880,2,2844300505
1,5,894305376,0,3090950113
18,45,2441522541,-1,2399870354
7,34,2316713174,-1,2522860623
2,29,2541223394,0,245787595
13,35,3538296979,-1,3460270192
3,16,586295846,0,4233514463
16,39,1650758921,-1,1919260894
37,24,2101042270,1,3665478519
0,17,2668810779,-1,2741483928
59,10,1155606251,2,1981196456
38,54,105968933,0,1299580586
34,35,2318840940,2,574898781
5,33,4136965046,-1,484083887
0,36,2982429218,-1,4223405323
35,59,293438801,-1,219498438
52,51,352705765,1,2969993578
53,37,2227046523,1,3626711928
4,36,1694243695,-1,3432218620
26,6,1637738969,1,1648068590
17,7,1857861166,2,2797583239
12,36,3851827318,-1,2630460527
40,46,4197143317,-1,1219139930
14,23,2937252943,0,1706098268
35,60,2399400098,-1,169225611
3,52,3263585695,-1,3208500204
38,31,3396850768,0,1637831825
54,27,2568750849,2,3024732470
53,61,3424657178,0,356801635
33,45,346637768,1,715022953
55,4,2341854939,2,3287014744
63,61,3513184486,1,1318187935
26,46,212586448,0,3624101393
23,23,4180642131,0,2900146224
46,45,2217508122,1,7852643
17,8,2217269108,1,14807813
54,20,661504212,2,956400613
9,1,3119587825,1,3606934758
29,51,2325455571,-1,788725680
16,8,4005086014,2,2575912919
48,46,2560996044,0,3196070973
61,45,2897175552,1,1489482753
0,21,3294372728,-1,2853300185
32,7,1347249318,2,1024223839
53,26,2883752303,2,775810556
27,26,1877006786,1,4229574955
1,25,1851858673,-1,1128453606
60,51,1619775773,1,937107714
0,33,452938865,-1,2967421286
27,12,3000534281,1,3448129758
37,23,4211656502,2,3833573935
57,54,839997009,0,1331530950
40,10,3824953735,2,676444916
29,63,2007898962,-1,3224544251
8,62,1569789449,-1,1542082014
55,41,3442064060,2,2460020973
60,28,4198232123,2,3243816504
59,57,2745837870,0,1660062343
56,33,1771986089,2,1517202686
14,60,3486184338,-1,244246843
23,22,4035203310,0,2109293895
27,13,322784213,1,648911130
60,15,3903663569,2,3695848006
29,59,1333221727,-1,2606133932
52,22,820125235,2,3572615824
28,36,3003877787,1,2429466392
60,59,3548075289,1,1614822446
22,57,6795407,-1,1317609372
19,21,4094985489,1,2714024582
52,53,695969583,0,957345468
28,36,631825070,1,2687758855
55,51,3647431238,1,1425321087
58,58,1486645027,2,1696334912
12,28,4171637108,-1,1331578117
15,15,3004205282,0,496317131
11,37,2924265080,-1,3860594393
18,12,195978979,1,2638378752
49,36,569299856,2,3146230993
17,11,2643998852,2,1680075605
40,27,3813093063,1,4143141172
53,5,2205416588,2,3811438845
13,35,4291241592,-1,2686682841
43,12,3690671248,2,1295260113
2,45,39245407,-1,2914079660
13,45,3798240633,-1,3077974030
51,31,201878263,2,2687199012
60,20,1520626637,2,447039346
4,58,1916095010,-1,328381707
63,36,3879532586,2,3690998963
10,21,4147263037,0,3361591458
18,19,3579045754,1,2513049667
3,12,202647877,1,1812042058
11,50,804283405,-1,1691528370
34,41,3427504761,0,1238380814
7,9,3792246699,0,2385903720
8,50,1254705845,-1,3373374842
29,33,4192255147,0,874588520
49,1,3640790587,2,3380669496
6,27,2398952348,-1,162021197
29,8,1234924714,2,1216279347
33,30,2057881510,0,2820794719
52,56,4232800387,1,1988267296
16,10,153612329,0,2816161406
6,60,3403008769,-1,2172081462
39,2,3333072754,2,1886217883
11,60,1590457188,-1,3768867765
14,8,2892334805,1,3690713114
24,24,3848792908,2,753721021
60,13,465052009,2,4281788606
50,59,2545121962,0,3779866931
55,61,1770307138,-1,1873248171
49,8,280890180,2,2561608981
53,60,302487761,0,2526826822
37,35,2356253571,1,226718752
46,5,775830148,2,2669565269
45,19,2154807741,2,2107421218
9,2,1096341333,2,2715974298
61,36,836167063,2,428313156
29,41,3934067092,-1,1002005413
55,26,2446432872,2,3187713929
14,17,3020212485,0,1795105802
55,48,1361514176,1,2736033217
45,61,3418447201,0,1318445846
1,55,3848450453,-1,2464950746
30,31,286807053,0,2369215666
10,4,490768858,1,151057955
9,55,898854240,-1,3600344289
25,44,586793353,-1,3923169118
30,8,3725342881,2,996329302
13,56,1798753155,-1,4083682336
25,54,2382744792,-1,126695609
14,2,232466157,0,1083000082
7,33,1552351146,0,3583818291
3,35,2085773316,-1,2612467925
46,24,3083317172,2,1562916933
19,43,1522875779,-1,111257120
46,12,2970684117,2,2109088794
39,52,3472099940,1,1054383797
56,14,3818944626,2,3472862107
41,42,1478406806,1,4152405263
58,11,1096434021,2,1780371434
39,16,2041843835,2,1435165560
0,54,3958829547,-1,259239848
30,34,1100947973,1,219255050
13,44,3481354120,-1,887985961
39,55,1110997585,-1,1013973190
44,0,1583655614,2,4222172503
37,11,3950988022,2,3668801775
17,31,4151631792,0,725217137
7,19,2380177952,0,1404915873
36,1,2601018414,2,225362311
15,41,2184558503,-1,2328487828
47,42,1096543191,0,1249465732
53,29,1524609306,2,1432983139
22,46,3829260735,-1,935194252
54,60,623668279,0,2105616740
28,4,669187723,1,1936395464
45,37,999420437,0,4250633306
0,1,3946929058,-1,2003260555
18,34,200608205,-1,1640594802
32,63,1658385088,-1,2824913345
46,13,2411369868,2,3127483901
49,33,3368317809,1,1922192486
17,24,3306018606,0,3617165447
21,63,530530945,-1,4103475894
34,3,852119567,2,1552753948
39,49,899635703,-1,1060954660
4,21,1865672146,-1,1939378299
16,8,3899708400,2,4065263793
13,58,4231475046,-1,398058527
14,8,3170938719,2,1559838892
17,33,2249658454,-1,3724318159
10,32,1268723000,-1,1164668057
62,48,419688159,2,972973612
10,9,1486281763,2,3583786304
43,19,611029072,2,1549615249
45,54,3539619986,-1,3618843195
60,29,2330267604,2,4039565029
56,56,1650470892,0,1903940573
43,29,3349457216,1,1093175873
52,47,3220305080,1,911718937
13,23,4149360189,0,2398998690
61,20,277338910,2,4151279927
32,53,1325676200,-1,2207678665
60,43,3125707444,2,626779973
58,0,1999577067,2,739849640
28,63,802865288,-1,3334687785
39,13,3643738437,2,3536974154
51,53,372562262,0,1902457551
22,32,3558999893,-1,841575066
50,1,2383593314,2,3399842635
21,8,3610693618,2,1321781531
27,47,3421978777,-1,3735616942
7,52,1863536388,-1,2893714389
15,62,3693422293,-1,1634201626
46,52,1284078945,1,834962198
58,46,2491027311,0,3388933116
24,40,3105515744,0,489420385
20,27,2174245220,1,284096949
6,40,272904896,-1,3172270529
32,55,3877433577,-1,1162796606
32,45,3171341512,-1,3448700265
58,8,100139752,2,3133884937
4,42,435188944,-1,2206174993
53,28,1683008294,2,2855600863
47,42,2540264797,1,2733943362
55,54,2658994885,0,2003648714
15,48,3084612682,-1,434216787
